DepLat,DepLon,ArrLat,ArrLon,NbFlights,CO2Intensity
33.50472,126.4931,37.55833,126.7906,88,103.5559295
37.55833,126.7906,33.50472,126.4931,84,99.49242938
-37.67333,144.8433,-33.94611,151.1772,83,79.57131851
-33.94611,151.1772,-37.67333,144.8433,83,82.89508969
4.191944,73.52917,3.47,72.83,77,23.10000092
25.07778,121.2239,22.30889,113.9147,62,113.7395004
33.9425,-118.4072,37.61889,-122.375,57,51.87130225
37.61889,-122.375,33.9425,-118.4072,56,46.095797
-33.94611,151.1772,-27.38333,153.1167,56,51.9942506
-27.38333,153.1167,-33.94611,151.1772,55,48.95690852
22.30889,113.9147,25.07778,121.2239,54,94.4458999
2.745556,101.71,1.350278,103.9944,48,47.70437551
1.350278,103.9944,2.745556,101.71,48,48.62887561
19.08861,72.86806,28.56944,77.11806,47,45.01349986
28.56944,77.11806,19.08861,72.86806,46,44.2493999
-23.62667,-46.65528,-22.83333,-43.25,45,40.43019998
21.22111,105.8072,10.81889,106.6519,44,55.26170015
41.97861,-87.90472,40.76667,-73.86667,44,36.91260004
10.81889,106.6519,21.22111,105.8072,44,49.45380008
40.76667,-73.86667,41.97861,-87.90472,42,35.33590007
-22.83333,-43.25,-23.62667,-46.65528,42,37.7234
-7.379722,112.7869,-6.125556,106.6558,42,39.84661978
-27.38333,153.1167,-37.67333,144.8433,41,37.29463166
-6.125556,106.6558,1.350278,103.9944,41,53.42853183
-6.125556,106.6558,-7.379722,112.7869,41,39.05859387
-37.67333,144.8433,-27.38333,153.1167,41,36.88828963
40.63333,-73.78333,33.9425,-118.4072,40,46.54840076
6.167222,-75.59055,4.703056,-74.13834,39,35.28339982
1.350278,103.9944,-6.125556,106.6558,38,48.2710318
33.58333,130.45,35.55222,139.7797,37,46.57269979
33.9425,-118.4072,40.63333,-73.78333,37,42.5109005
31.2,121.3411,40.06333,116.5844,37,63.14659989
10.3075,125.9794,14.51667,121.0167,36,34.73849976
22.30889,113.9147,31.14333,121.8053,36,46.92630005
21.67944,39.15667,24.95778,46.69889,36,44.57789969
40.06333,116.5844,31.2,121.3411,36,61.51399994
18.76833,98.96278,13.9125,100.6067,34,30.93923986
21.33333,-157.9333,20.89861,-156.4306,34,27.65374935
14.51667,121.0167,10.3075,125.9794,34,32.2214998
20.89861,-156.4306,21.33333,-157.9333,34,28.38864934
60.19389,11.10028,63.45778,10.93611,34,29.46782002
35.55222,139.7797,33.58333,130.45,33,39.46599984
24.95778,46.69889,21.67944,39.15667,33,39.35269964
63.45778,10.93611,60.19389,11.10028,33,28.50532004
4.703056,-74.13834,6.167222,-75.59055,32,28.84199977
30.57861,103.9472,40.06333,116.5844,32,41.71540034
13.9125,100.6067,18.76833,98.96278,32,29.10829586
36.08333,-115.1667,33.9425,-118.4072,32,26.36549008
-37.67333,144.8433,-34.945,138.5306,32,27.94512168
19.43639,-99.07222,21.45472,-103.3011,32,28.99118462
-28.18111,153.5,-33.94611,151.1772,32,28.98099977
40.06333,116.5844,30.57861,103.9472,32,41.34000039
-33.94611,151.1772,-28.18111,153.5,32,29.39309973
49.19389,-123.1833,51.11389,-114.0203,32,27.77729988
60.3,5.216667,60.19389,11.10028,31,26.75472006
4.703056,-74.13834,3.4575,-76.49639,31,28.20399967
3.4575,-76.49639,4.703056,-74.13834,31,27.22659972
22.30889,113.9147,1.350278,103.9944,31,52.72009957
60.19389,11.10028,60.3,5.216667,31,26.06413507
60.19389,11.10028,58.87667,5.637778,31,25.92983001
31.14333,121.8053,22.30889,113.9147,31,41.56219995
58.87667,5.637778,60.19389,11.10028,31,26.17172998
41.3,2.083333,40.46667,-3.566667,30,28.74589992
12.96667,77.6,19.08861,72.86806,30,28.54684383
42.36306,-71,40.76667,-73.86667,30,24.36099946
23.3925,113.2989,31.2,121.3411,30,39.64559972
-6.125556,106.6558,-8.748056,115.1672,30,30.1392079
25.26111,51.565,25.25,55.33333,30,41.7463001
25.25,55.33333,25.26111,51.565,30,42.0078001
40.06333,116.5844,22.55,113.9167,30,43.15487576
37.61889,-122.375,47.44889,-122.3094,30,25.2617299
31.2,121.3411,22.55,113.9167,30,32.19924396
22.55,113.9167,40.06333,116.5844,30,43.50437582
45.47055,-73.74083,43.67722,-79.63055,30,28.22040004
38.2925,27.15694,40.97694,28.82111,29,29.52794403
36.91667,30.8,40.97694,28.82111,29,29.26290011
13.68111,100.7472,22.30889,113.9147,29,56.30289996
-15.87111,-47.91861,-23.62667,-46.65528,29,25.9513998
21.03667,-86.87695,19.43639,-99.07222,29,25.96639967
-8.748056,115.1672,-6.125556,106.6558,29,30.62421983
51.41667,3.258333,-6.125556,106.6558,29,26.66091794
45.45,9.283333,41.80444,12.25083,29,24.00620019
1.350278,103.9944,13.68111,100.7472,29,42.75440001
22.55,113.9167,31.2,121.3411,29,31.31284398
-5.116667,119.4,-6.125556,106.6558,29,27.51892793
51.11389,-114.0203,53.30972,-113.5797,29,15.48694685
51.11389,-114.0203,49.19389,-123.1833,29,25.64829981
43.67722,-79.63055,45.47055,-73.74083,29,28.53760016
19.08861,72.86806,12.96667,77.6,28,25.27954382
-43.48889,172.5333,-37.00806,174.7917,28,24.32595956
41.80444,12.25083,45.45,9.283333,28,23.12180018
21.45472,-103.3011,19.43639,-99.07222,28,25.03338963
22.30889,113.9147,13.68111,100.7472,28,54.33749998
40.97694,28.82111,38.2925,27.15694,28,28.60484403
33.9425,-118.4072,47.44889,-122.3094,28,25.14559603
40.76667,-73.86667,42.36306,-71,28,22.67159951
40.46667,-3.566667,41.3,2.083333,28,26.97309995
31.2,121.3411,23.3925,113.2989,28,37.08989978
1.350278,103.9944,22.30889,113.9147,28,45.80389953
-34.945,138.5306,-37.67333,144.8433,27,24.29659975
-37.00806,174.7917,-43.48889,172.5333,27,24.42936957
-37.00806,174.7917,-41.32722,174.8053,27,23.33957958
5.937222,116.05,2.745556,101.71,27,24.46804374
-6.125556,106.6558,51.41667,3.258333,27,24.87505198
37.46917,126.4506,22.30889,113.9147,27,48.5828442
48.71667,2.383333,43.635,1.367778,27,24.28450003
47.44889,-122.3094,33.9425,-118.4072,27,23.79526401
-41.32722,174.8053,-37.00806,174.7917,27,23.33957958
53.30972,-113.5797,51.11389,-114.0203,27,14.719293
13.68111,100.7472,1.350278,103.9944,26,35.27369964
4.703056,-74.13834,10.45,-75.51667,26,23.93889976
23.3925,113.2989,40.06333,116.5844,26,45.04869974
-6.125556,106.6558,-5.116667,119.4,26,24.67888594
28.56944,77.11806,12.96667,77.6,26,24.81874377
32.89694,-97.03806,33.9425,-118.4072,26,28.38460016
32.89694,-97.03806,41.97861,-87.90472,26,24.56322086
22.30889,113.9147,37.46917,126.4506,26,45.30344421
40.97694,28.82111,36.91667,30.8,26,25.73920012
2.745556,101.71,5.937222,116.05,26,23.58164376
44.88333,-93.21694,41.97861,-87.90472,26,22.10525027
25.77833,-100.1064,19.43639,-99.07222,26,23.62169975
40.06333,116.5844,23.3925,113.2989,26,45.01669967
47.44889,-122.3094,37.61889,-122.375,26,22.3023079
43.635,1.367778,48.71667,2.383333,26,23.88450003
43.67722,-79.63055,45.3225,-75.66917,26,22.34020001
12.96667,77.6,28.56944,77.11806,25,23.39994377
42.36306,-71,38.85194,-77.03778,25,21.12470001
-23.62667,-46.65528,-15.87111,-47.91861,25,22.3938998
-33.96472,18.60167,-26.13917,28.24611,25,28.09369993
38.85194,-77.03778,42.36306,-71,25,21.12470001
38.85194,-77.03778,40.76667,-73.86667,25,18.62849993
40.63333,-73.78333,37.61889,-122.375,25,26.8731004
2.745556,101.71,5.3,100.2667,25,24.73874384
33.9425,-118.4072,36.08333,-115.1667,25,21.9212001
19.43639,-99.07222,21.03667,-86.87695,25,22.45949972
43.66528,7.215,48.71667,2.383333,25,22.74750006
41.97861,-87.90472,32.89694,-97.03806,25,23.18962079
41.97861,-87.90472,33.9425,-118.4072,25,23.20621997
41.97861,-87.90472,44.88333,-93.21694,25,23.22940323
45.3225,-75.66917,43.67722,-79.63055,25,20.69029999
59.65194,17.91861,60.19389,11.10028,24,21.32179999
33.63667,-84.42805,41.97861,-87.90472,24,23.00809014
42.36306,-71,39.87194,-75.24111,24,19.74289995
10.45,-75.51667,4.703056,-74.13834,24,22.16609979
38.85194,-77.03778,41.97861,-87.90472,24,20.75139999
32.89694,-97.03806,33.63667,-84.42805,24,25.46605086
7.016667,100.45,13.9125,100.6067,24,21.95895195
-26.13917,28.24611,-33.96472,18.60167,24,27.83729994
28.42944,-81.30889,33.63667,-84.42805,24,27.13671499
19.43639,-99.07222,25.77833,-100.1064,24,22.59329975
41.97861,-87.90472,38.85194,-77.03778,24,20.63929999
48.71667,2.383333,43.66528,7.215,24,21.86110008
60.19389,11.10028,59.65194,17.91861,24,21.32179999
33.43333,-112.0333,33.9425,-118.4072,24,18.7543202
10.65,-61.51667,11.25,-60.66667,24,10.64620012
37.61889,-122.375,40.63333,-73.78333,24,25.86640036
11.25,-60.66667,10.65,-61.51667,24,10.64620012
33.63667,-84.42805,32.89694,-97.03806,23,22.75145078
23.3925,113.2989,30.3,120.2833,23,21.08090007
39.86167,-104.6731,33.43333,-112.0333,23,20.43427801
30.3,120.2833,40.06333,116.5844,23,24.07230031
8.113333,98.31694,13.9125,100.6067,23,21.30678773
-7.783333,110.4333,-6.125556,106.6558,23,21.07104701
1.484722,110.3469,2.745556,101.71,23,21.53239977
2.745556,101.71,1.484722,110.3469,23,21.53239977
33.9425,-118.4072,32.89694,-97.03806,23,24.35700011
33.9425,-118.4072,41.97861,-87.90472,23,21.36001998
33.9425,-118.4072,33.43333,-112.0333,23,17.91137928
40.76667,-73.86667,38.85194,-77.03778,23,16.88269994
-12.02194,-77.11444,-13.53333,-71.96667,23,19.92428488
40.06333,116.5844,30.3,120.2833,23,23.88450027
39.87194,-75.24111,42.36306,-71,23,18.84589994
-33.55972,-70.7,-23.43944,-70.44278,23,20.37719977
10.81889,106.6519,16.03333,108.1833,23,22.36840022
-34.945,138.5306,-33.94611,151.1772,22,19.77723175
-23.43944,-70.44278,-33.55972,-70.7,22,19.49279976
4.703056,-74.13834,10.88333,-74.78333,22,19.61909974
-6.125556,106.6558,2.745556,101.71,22,23.98088801
55.61806,12.65583,60.19389,11.10028,22,20.33221999
39.86167,-104.6731,40.78833,-111.9667,22,16.08567506
32.89694,-97.03806,40.76667,-73.86667,22,18.85500002
13.9125,100.6067,7.016667,100.45,22,20.14945197
13.9125,100.6067,8.113333,98.31694,22,20.42038774
53.43333,-6.25,51.46972,-0.451389,22,19.61709976
25.25,55.33333,29.22667,47.96889,22,28.85499966
26.0725,-80.15278,33.63667,-84.42805,22,22.83583206
40.63333,-73.78333,28.42944,-81.30889,22,20.02011997
22.01667,100.8,24.9925,102.7436,22,19.18869996
29.22667,47.96889,25.25,55.33333,22,28.85499966
40.76667,-73.86667,32.89694,-97.03806,22,18.85500002
51.46972,-0.451389,40.63333,-73.78333,22,48.79730046
14.51667,121.0167,7.125556,125.6458,22,22.54729986
41.97861,-87.90472,33.63667,-84.42805,22,18.9600901
60.19389,11.10028,55.61806,12.65583,22,20.45452002
5.3,100.2667,2.745556,101.71,22,20.61914378
33.43333,-112.0333,39.86167,-104.6731,22,19.55211699
37.61889,-122.375,41.97861,-87.90472,22,23.18153208
31.2,121.3411,24.46667,118.1167,22,20.40180004
-33.94611,151.1772,-34.945,138.5306,22,19.75109977
24.46667,118.1167,31.2,121.3411,22,20.40180004
48.65,-123.4333,49.19389,-123.1833,22,8.216848016
33.63667,-84.42805,40.76667,-73.86667,21,21.0671103
33.63667,-84.42805,39.87194,-75.24111,21,19.57300413
33.63667,-84.42805,27.97556,-82.53306,21,20.72781909
10.88333,-74.78333,4.703056,-74.13834,21,18.73269975
42.36306,-71,41.97861,-87.90472,21,19.03389996
23.3925,113.2989,30.57861,103.9472,21,21.7712003
-6.125556,106.6558,-7.783333,110.4333,21,19.18195897
35.21667,-80.93333,33.63667,-84.42805,21,21.62189043
55.61806,12.65583,59.65194,17.91861,21,18.91159999
42.8,141.6667,35.55222,139.7797,21,24.40999997
16.03333,108.1833,10.81889,106.6519,21,20.7159003
38.85194,-77.03778,33.63667,-84.42805,21,20.30947524
39.86167,-104.6731,36.08333,-115.1667,21,18.30872893
7.125556,125.6458,14.51667,121.0167,21,21.66089988
41.80444,12.25083,37.46667,15.06667,21,18.95959491
30.3,120.2833,23.3925,113.2989,21,19.27890009
40.97694,28.82111,40.13333,33,21,21.42614383
40.63333,-73.78333,51.46972,-0.451389,21,48.03020072
34.42722,135.2439,31.14333,121.8053,21,28.53559983
24.9925,102.7436,22.01667,100.8,21,18.30229998
36.08333,-115.1667,39.86167,-104.6731,21,18.41297793
36.08333,-115.1667,37.61889,-122.375,21,17.75083393
40.76667,-73.86667,33.63667,-84.42805,21,20.82237041
40.76667,-73.86667,43.67722,-79.63055,21,16.58519995
51.46972,-0.451389,53.43333,-6.25,21,18.73069978
41.97861,-87.90472,37.61889,-122.375,21,20.00316405
45.58861,-122.5975,47.44889,-122.3094,21,11.51510018
-31.94028,115.9669,-37.67333,144.8433,21,26.91469002
39.87194,-75.24111,33.63667,-84.42805,21,19.81482917
47.44889,-122.3094,45.58861,-122.5975,21,11.51510018
37.61889,-122.375,36.08333,-115.1667,21,17.61153895
43.67722,-79.63055,40.76667,-73.86667,21,16.58519995
36.98222,35.28028,40.97694,28.82111,20,18.45190001
52.30861,4.763889,51.46972,-0.451389,20,18.05324012
33.63667,-84.42805,35.21667,-80.93333,20,20.58716035
33.63667,-84.42805,26.0725,-80.15278,20,20.42221701
19.08861,72.86806,15.5,73.84167,20,18.56094402
42.36306,-71,40.63333,-73.78333,20,16.38864475
33.50472,126.4931,35.17944,128.9383,20,20.31538808
30.57861,103.9472,23.3925,113.2989,20,20.79650033
39.86167,-104.6731,32.89694,-97.03806,20,18.41795039
32.89694,-97.03806,39.86167,-104.6731,20,18.93745029
5.15,73.13,4.191944,73.52917,20,6.000000238
40.13333,33,40.97694,28.82111,20,20.52448785
40.13333,33,40.89861,29.30917,20,18.29029989
50.02639,8.543056,52.56111,13.28944,20,18.23989999
47.61972,-117.5339,47.44889,-122.3094,20,12.58287615
15.5,73.84167,19.08861,72.86806,20,18.56094402
35.55222,139.7797,42.8,141.6667,20,22.42789996
40.63333,-73.78333,42.36306,-71,20,15.88024479
24.9925,102.7436,40.06333,116.5844,20,24.16079974
2.745556,101.71,-6.125556,106.6558,20,20.34318793
40.76667,-73.86667,25.78333,-80.26667,20,18.9160502
51.46972,-0.451389,52.30861,4.763889,20,18.05324012
-37.67333,144.8433,-31.94028,115.9669,20,27.88130009
25.78333,-80.26667,40.76667,-73.86667,20,18.9160502
48.35,11.78333,52.56111,13.28944,20,18.42340004
35.76389,140.3917,25.07778,121.2239,20,31.11599994
41.97861,-87.90472,42.36306,-71,20,17.95129997
40.06333,116.5844,24.9925,102.7436,20,24.19279981
35.17944,128.9383,33.50472,126.4931,20,20.31137609
31.14333,121.8053,34.42722,135.2439,20,26.34499991
32.73333,-117.1833,37.61889,-122.375,20,16.76331389
40.89861,29.30917,38.2925,27.15694,20,18.46199989
40.89861,29.30917,36.91667,30.8,20,18.47219992
36.1,120.3167,31.2,121.3411,20,17.99669981
25.07778,121.2239,35.76389,140.3917,20,30.0339998
52.56111,13.28944,50.02639,8.543056,20,18.11759996
52.56111,13.28944,48.35,11.78333,20,18.42540002
45.47055,-73.74083,43.6275,-79.39611,20,10.05800009
51.11389,-114.0203,43.67722,-79.63055,20,19.44149995
38.2925,27.15694,40.89861,29.30917,19,17.5388999
59.65194,17.91861,55.61806,12.65583,19,17.3955
33.63667,-84.42805,38.85194,-77.03778,19,18.39668024
33.63667,-84.42805,28.42944,-81.30889,19,22.36972505
35.21667,-80.93333,40.76667,-73.86667,19,15.12440047
-13.53333,-71.96667,-12.02194,-77.11444,19,16.67329496
-8.748056,115.1672,1.350278,103.9944,19,21.03219962
-23.43194,-46.46944,-12.9109,-38.331,19,17.59850007
22.30889,113.9147,40.06333,116.5844,19,27.32260001
35.55222,139.7797,26.33333,127.8333,19,28.02349985
21.33333,-157.9333,19.71667,-155.05,19,15.62287962
21.33333,-157.9333,33.9425,-118.4072,19,27.28070045
17.45306,78.4675,19.08861,72.86806,19,19.08754402
2.745556,101.71,6.329722,99.72861,19,17.13519979
40.76667,-73.86667,35.21667,-80.93333,19,15.34580046
6.329722,99.72861,2.745556,101.71,19,17.13519979
28.42944,-81.30889,40.63333,-73.78333,19,17.55295008
14.51667,121.0167,22.30889,113.9147,19,30.95769978
26.33333,127.8333,35.55222,139.7797,19,26.98119986
40.06333,116.5844,29.71917,106.6417,19,18.63119996
40.06333,116.5844,22.30889,113.9147,19,28.72869992
40.06333,116.5844,34.44722,108.7517,19,20.00240028
40.89861,29.30917,40.13333,33,19,17.3671999
47.44889,-122.3094,47.61972,-117.5339,19,11.28563213
31.2,121.3411,36.1,120.3167,19,17.11029983
40.78833,-111.9667,39.86167,-104.6731,19,12.98463506
27.97556,-82.53306,33.63667,-84.42805,19,19.17548013
34.44722,108.7517,40.06333,116.5844,19,19.30280018
43.67722,-79.63055,49.19389,-123.1833,19,22.38829982
43.67722,-79.63055,51.11389,-114.0203,19,18.12249988
59.65194,17.91861,60.31722,24.96333,18,16.02069992
41.3,2.083333,39.55,2.733333,18,15.02769983
13.68111,100.7472,8.113333,98.31694,18,22.85929966
19.08861,72.86806,17.45306,78.4675,18,19.245
-6.125556,106.6558,-1.266667,116.9,18,17.41256404
29.71917,106.6417,40.06333,116.5844,18,18.48829997
37.46667,15.06667,41.80444,12.25083,18,16.29169989
32.89694,-97.03806,29.98444,-95.34139,18,15.66395041
55.41945,37.88583,59.95,30.05,18,15.73290002
-29.97,30.95056,-26.13917,28.24611,18,16.1241318
55.95,-3.35,51.46972,-0.451389,18,16.8829999
40.6925,-74.16861,33.63667,-84.42805,18,16.39506006
50.02639,8.543056,51.46972,-0.451389,18,17.5988003
-23.43194,-46.46944,-8.125833,-34.92389,18,17.55370009
60.31722,24.96333,59.65194,17.91861,18,16.02069992
30.3,120.2833,22.55,113.9167,18,16.53228796
8.113333,98.31694,13.68111,100.7472,18,22.85929966
37.46917,126.4506,31.14333,121.8053,18,33.94860029
33.9425,-118.4072,21.33333,-157.9333,18,27.50328934
59.95,30.05,55.41945,37.88583,18,15.73290002
59.95,30.05,55.97278,37.41472,18,17.67410052
51.46972,-0.451389,55.95,-3.35,18,16.8829999
12.99472,80.17528,28.56944,77.11806,18,16.49558794
14.51667,121.0167,1.350278,103.9944,18,21.87929976
37.71667,-122.2167,33.9425,-118.4072,18,15.46585315
39.55,2.733333,41.3,2.083333,18,15.02769983
31.14333,121.8053,37.46917,126.4506,18,31.92440009
-33.55972,-70.7,-22.48333,-68.91666,18,16.19179988
37.61889,-122.375,40.6925,-74.16861,18,17.77202004
37.61889,-122.375,32.73333,-117.1833,18,14.7478689
1.350278,103.9944,-8.748056,115.1672,18,20.10709965
1.350278,103.9944,14.51667,121.0167,18,21.75899971
40.78833,-111.9667,33.43333,-112.0333,18,14.67362499
-12.9109,-38.331,-23.43194,-46.46944,18,16.61989999
55.97278,37.41472,59.95,30.05,18,17.79440057
-33.94611,151.1772,-35.30695,149.195,18,10.76849991
25.07778,121.2239,34.42722,135.2439,18,29.24549997
43.6275,-79.39611,45.47055,-73.74083,18,9.052200079
49.19389,-123.1833,53.30972,-113.5797,18,15.67909992
49.19389,-123.1833,43.67722,-79.63055,18,21.43259978
33.63667,-84.42805,40.6925,-74.16861,17,15.50176001
36.91667,30.8,40.89861,29.30917,17,15.6559999
26,50.5,25.25,55.33333,17,23.06739974
60.3,5.216667,58.87667,5.637778,17,14.0984951
19.08861,72.86806,12.99472,80.17528,17,15.35839987
-1.266667,116.9,-6.125556,106.6558,17,16.52616405
-15.87111,-47.91861,-22.83333,-43.25,17,15.20940006
39.17528,-76.66833,33.63667,-84.42805,17,16.67747527
23.3925,113.2989,29.71917,106.6417,17,15.54560006
22.63333,88.43333,28.56944,77.11806,17,16.84009993
-6.125556,106.6558,-2.9,104.7,17,15.75265199
30.57861,103.9472,22.55,113.9167,17,18.00830007
28.56944,77.11806,22.63333,88.43333,17,16.84009993
32.89694,-97.03806,30.19444,-97.67,17,15.81006062
40.6925,-74.16861,41.97861,-87.90472,17,14.86347407
53.63333,9.983333,48.35,11.78333,17,15.74170005
22.30889,113.9147,14.51667,121.0167,17,26.27699959
21.33333,-157.9333,19.73889,-156.0456,17,14.35989964
21.33333,-157.9333,21.98333,-159.35,17,13.81519967
19.71667,-155.05,21.33333,-157.9333,17,14.14668965
40.63333,-73.78333,26.0725,-80.15278,17,15.72729009
-26.13917,28.24611,-29.97,30.95056,17,15.20303178
19.73889,-156.0456,21.33333,-157.9333,17,14.35989964
36.08333,-115.1667,47.44889,-122.3094,17,14.26095408
33.9425,-118.4072,33.63667,-84.42805,17,18.03553206
33.9425,-118.4072,39.86167,-104.6731,17,15.16392708
33.9425,-118.4072,37.71667,-122.2167,17,14.56024814
51.50528,0.055278,55.95,-3.35,17,11.15896595
-37.67333,144.8433,-28.18111,153.5,17,15.7335
14.51667,121.0167,10.71306,122.5453,17,15.06079984
48.35,11.78333,53.63333,9.983333,17,15.74170005
-28.18111,153.5,-37.67333,144.8433,17,15.7335
41.97861,-87.90472,39.87194,-75.24111,17,15.89109999
39.87194,-75.24111,41.97861,-87.90472,17,15.91454399
33.43333,-112.0333,47.44889,-122.3094,17,14.29121023
-2.9,104.7,-6.125556,106.6558,17,15.77628601
31.14333,121.8053,35.76389,140.3917,17,27.53429997
31.14333,121.8053,41.87167,123.4333,17,16.15899992
47.44889,-122.3094,36.08333,-115.1667,17,14.36057609
41.87167,123.4333,31.14333,121.8053,17,16.15899992
-6.983333,110.3833,-6.125556,106.6558,17,15.84280807
38.74861,-90.37,41.97861,-87.90472,17,12.23292032
58.87667,5.637778,60.3,5.216667,17,14.01849514
22.55,113.9167,29.71917,106.6417,17,17.15740001
22.55,113.9167,30.57861,103.9472,17,18.04500008
22.55,113.9167,30.3,120.2833,17,15.52558792
34.44722,108.7517,31.14333,121.8053,17,15.53979993
53.30972,-113.5797,49.19389,-123.1833,17,14.30889994
57.1,9.85,55.61806,12.65583,16,12.8784
61.17444,-149.9964,47.44889,-122.3094,16,14.69236201
59.65194,17.91861,65.54389,22.12194,16,14.10010004
33.63667,-84.42805,39.17528,-76.66833,16,16.13895023
33.63667,-84.42805,33.9425,-118.4072,16,16.83003205
33.63667,-84.42805,25.78333,-80.26667,16,16.25415027
33.63667,-84.42805,29.99333,-90.25806,16,15.63471031
30.19444,-97.67,32.89694,-97.03806,16,15.94815558
7.1,-73.15,4.703056,-74.13834,16,14.1783998
4.703056,-74.13834,7.1,-73.15,16,14.1783998
19.08861,72.86806,23.07722,72.63472,16,16.09549987
19.08861,72.86806,25.25,55.33333,16,22.34189987
42.36306,-71,40.6925,-74.16861,16,14.06508797
-35.30695,149.195,-33.94611,151.1772,16,9.523799926
-6.125556,106.6558,-0.05,109.3833,16,14.76959991
-6.125556,106.6558,-6.983333,110.3833,16,14.87682003
50.86667,7.15,48.35,11.78333,16,15.57729995
-22.48333,-68.91666,-33.55972,-70.7,16,14.53929996
29.71917,106.6417,23.3925,113.2989,16,14.58580005
41.41667,-81.85,41.97861,-87.90472,16,12.29448798
35.21667,-80.93333,41.97861,-87.90472,16,13.16040027
-16.88333,145.75,-27.38333,153.1167,16,15.25889981
55.61806,12.65583,57.1,9.85,16,12.88039997
30.57861,103.9472,31.14333,121.8053,16,17.77040017
28.56944,77.11806,12.99472,80.17528,16,14.56578791
39.86167,-104.6731,33.63667,-84.42805,16,14.86129493
39.86167,-104.6731,33.9425,-118.4072,16,14.36057109
39.86167,-104.6731,44.88333,-93.21694,16,14.65179992
39.86167,-104.6731,41.97861,-87.90472,16,14.68932003
39.86167,-104.6731,37.61889,-122.375,16,14.72233206
32.89694,-97.03806,29.53333,-98.46667,16,16.73756063
51.28944,6.766667,48.35,11.78333,16,14.61469996
25.25,55.33333,19.08861,72.86806,16,21.18279982
55.95,-3.35,51.50528,0.055278,16,10.33564895
40.6925,-74.16861,26.0725,-80.15278,16,15.6225999
40.6925,-74.16861,28.42944,-81.30889,16,15.33528793
40.6925,-74.16861,37.61889,-122.375,16,14.87287605
26.0725,-80.15278,40.6925,-74.16861,16,15.39834392
26.0725,-80.15278,40.63333,-73.78333,16,14.87092012
26.0725,-80.15278,40.76667,-73.86667,16,15.32498026
-23.43194,-46.46944,-22.80889,-43.24361,16,14.99349988
-42.83611,147.5103,-37.67333,144.8433,16,14.37489992
22.30889,113.9147,34.42722,135.2439,16,22.36659968
35.55222,139.7797,31.80333,130.7194,16,16.4174999
46.01667,126.5833,31.14333,121.8053,16,14.37209988
29.98444,-95.34139,32.89694,-97.03806,16,13.90715042
37.46917,126.4506,36.1,120.3167,16,15.46364397
40.97694,28.82111,36.98222,35.28028,16,14.83490002
21.67944,39.15667,26.47111,49.79778,16,18.2759999
34.42722,135.2439,22.30889,113.9147,16,22.75239968
34.42722,135.2439,25.07778,121.2239,16,26.11909997
33.84555,131.035,35.55222,139.7797,16,14.40259981
32.8,130.7667,35.55222,139.7797,16,18.38699985
24.42056,118.3444,25.06972,121.5525,16,8.648199975
31.80333,130.7194,35.55222,139.7797,16,16.4174999
33.9425,-118.4072,40.6925,-74.16861,16,15.98188794
33.9425,-118.4072,40.78833,-111.9667,16,12.55523497
40.76667,-73.86667,26.0725,-80.15278,16,15.32498026
51.46972,-0.451389,50.02639,8.543056,16,15.82800031
38.78139,-9.135833,40.46667,-3.566667,16,12.38171992
12.99472,80.17528,19.08861,72.86806,16,14.43529987
40.46667,-3.566667,38.78139,-9.135833,16,13.66899985
40.46667,-3.566667,39.55,2.733333,16,12.98299986
28.42944,-81.30889,40.6925,-74.16861,16,15.73714393
-37.67333,144.8433,-42.83611,147.5103,16,14.37489992
35.06667,-89.96667,33.63667,-84.42805,16,16.80425632
25.78333,-80.26667,33.63667,-84.42805,16,17.29770327
42.95,-87.9,41.97861,-87.90472,16,7.315919876
48.35,11.78333,51.28944,6.766667,16,14.33579987
35.76389,140.3917,31.14333,121.8053,16,24.81969988
41.97861,-87.90472,35.21667,-80.93333,16,12.91770029
41.97861,-87.90472,40.6925,-74.16861,16,13.87057409
33.43333,-112.0333,32.73333,-117.1833,16,15.02709514
-0.05,109.3833,-6.125556,106.6558,16,14.76959991
31.14333,121.8053,38.96556,121.5386,16,14.78390002
10.81889,106.6519,1.350278,103.9944,16,16.03569984
1.350278,103.9944,10.81889,106.6519,16,16.03569984
36.1,120.3167,37.46917,126.4506,16,15.46364397
25.06972,121.5525,24.42056,118.3444,16,8.648199975
34.44722,108.7517,30.3,120.2833,16,14.47819996
45.47055,-73.74083,46.79111,-71.39333,16,6.130586028
59.65194,17.91861,55.55,13.36667,15,12.00420004
33.63667,-84.42805,39.86167,-104.6731,15,13.77200001
33.63667,-84.42805,42.2125,-83.35333,15,15.69639909
33.63667,-84.42805,29.98444,-95.34139,15,12.92486417
33.63667,-84.42805,30.41667,-81.63333,15,16.24896908
-27.38333,153.1167,-16.88333,145.75,15,14.33579981
4.703056,-74.13834,25.78333,-80.26667,15,24.59289992
42.36306,-71,33.63667,-84.42805,15,15.60591501
23.3925,113.2989,31.74194,118.8619,15,13.64629996
-35.30695,149.195,-37.67333,144.8433,15,12.50549987
22.63333,88.43333,19.08861,72.86806,15,13.54889989
-23.62667,-46.65528,-19.63361,-43.96889,15,13.49119997
-6.125556,106.6558,-0.786944,100.2806,15,13.88032001
-6.125556,106.6558,0.460833,101.4444,15,13.92320806
29.71917,106.6417,22.55,113.9167,15,15.34790003
28.56944,77.11806,17.45306,78.4675,15,13.76499999
32.89694,-97.03806,37.61889,-122.375,15,14.7974
38.96556,121.5386,31.14333,121.8053,15,13.89750004
13.9125,100.6067,17.38639,102.7883,15,13.88032001
26.47111,49.79778,21.67944,39.15667,15,16.01750004
42.2125,-83.35333,33.63667,-84.42805,15,15.58683896
40.6925,-74.16861,42.36306,-71,15,13.78253204
41.80444,12.25083,38.17583,13.09111,15,13.80369997
50.02639,8.543056,53.63333,9.983333,15,14.01780009
-22.80889,-43.24361,-23.43194,-46.46944,15,13.5302999
-2.1575,-79.88361,-0.133333,-78.48333,15,15.27139997
53.63333,9.983333,50.02639,8.543056,15,13.89550006
30.3,120.2833,34.44722,108.7517,15,13.43479991
35.55222,139.7797,34.43611,132.9194,15,17.79879987
35.55222,139.7797,33.84555,131.035,15,13.51619983
35.55222,139.7797,32.8,130.7667,15,16.96819985
46.01667,126.5833,40.06333,116.5844,15,13.61979997
29.98444,-95.34139,33.63667,-84.42805,15,12.9228642
10.71306,122.5453,14.51667,121.0167,15,13.28999984
30.41667,-81.63333,33.63667,-84.42805,15,16.17097408
40.63333,-73.78333,18.43944,-66.00195,15,14.35829997
31.86667,131.45,35.55222,139.7797,15,13.84649992
36.08333,-115.1667,33.43333,-112.0333,15,13.30849004
33.9425,-118.4072,32.73333,-117.1833,15,7.767180085
51.50528,0.055278,52.30861,4.763889,15,11.62156615
21.98333,-159.35,21.33333,-157.9333,15,12.67049968
65.54389,22.12194,59.65194,17.91861,15,13.3908
40.46667,-3.566667,27.93194,-15.38667,15,15.14956599
28.42944,-81.30889,41.97861,-87.90472,15,14.08413613
24.53333,39.71667,21.67944,39.15667,15,21.98640013
55.55,13.36667,59.65194,17.91861,15,11.92540008
44.88333,-93.21694,39.86167,-104.6731,15,13.54899991
29.99333,-90.25806,33.63667,-84.42805,15,14.93144035
41.97861,-87.90472,39.86167,-104.6731,15,13.88208795
41.97861,-87.90472,38.74861,-90.37,15,10.26505029
-0.786944,100.2806,-6.125556,106.6558,15,13.88032001
40.06333,116.5844,28.07111,112.9583,15,16.27300012
40.06333,116.5844,36.1,120.3167,15,14.03410006
-31.94028,115.9669,-20.71667,116.7667,15,12.72469991
33.43333,-112.0333,41.97861,-87.90472,15,14.03294414
33.43333,-112.0333,40.78833,-111.9667,15,12.99544007
39.55,2.733333,40.46667,-3.566667,15,12.73139986
38.17583,13.09111,41.80444,12.25083,15,13.56309986
-29.98444,-51.17139,-23.62667,-46.65528,15,13.45259988
-29.98444,-51.17139,-23.43194,-46.46944,15,13.73460001
31.14333,121.8053,30.57861,103.9472,15,16.10780013
31.14333,121.8053,46.01667,126.5833,15,13.48569989
-8.125833,-34.92389,-23.43194,-46.46944,15,14.73750007
32.73333,-117.1833,33.9425,-118.4072,15,7.767180085
29.53333,-98.46667,32.89694,-97.03806,15,15.02893054
47.44889,-122.3094,33.43333,-112.0333,15,12.65702718
37.61889,-122.375,33.43333,-112.0333,15,12.93829519
18.43944,-66.00195,40.63333,-73.78333,15,14.27469993
40.51972,22.97083,37.93639,23.94444,15,13.75679994
48.68333,9.2,52.56111,13.28944,15,12.55560005
-7.379722,112.7869,-8.748056,115.1672,15,13.70588791
-33.94611,151.1772,-37.00806,174.7917,15,21.6351999
36.1,120.3167,40.06333,116.5844,15,14.03410006
32.54111,-116.9703,19.43639,-99.07222,15,14.50769985
52.56111,13.28944,48.68333,9.2,15,12.55560005
17.38639,102.7883,13.9125,100.6067,15,13.88032001
45.3225,-75.66917,43.6275,-79.39611,15,7.543500066
46.79111,-71.39333,45.47055,-73.74083,15,5.763482034
43.6275,-79.39611,45.3225,-75.66917,15,7.543500066
18.21667,42.5,24.95778,46.69889,14,12.40959978
23.07722,72.63472,19.08861,72.86806,14,13.96689987
52.30861,4.763889,49.01667,2.55,14,13.36844414
-16.34111,-71.58305,-12.02194,-77.11444,14,12.24729496
59.65194,17.91861,57.66278,12.27972,14,12.16259995
37.93639,23.94444,40.51972,22.97083,14,12.87039995
33.63667,-84.42805,42.36306,-71,14,15.17033005
33.63667,-84.42805,39.71722,-86.29472,14,14.68018693
33.63667,-84.42805,44.88333,-93.21694,14,14.36730403
41.3,2.083333,51.14806,-0.190278,14,12.5546
19.08861,72.86806,22.63333,88.43333,14,12.66449988
30.12194,31.40556,21.67944,39.15667,14,22.36129999
23.3925,113.2989,19.98333,110.0333,14,12.91530001
23.3925,113.2989,24.9925,102.7436,14,12.58429992
23.3925,113.2989,34.44722,108.7517,14,12.7500999
49.01667,2.55,50.02639,8.543056,14,11.95279503
49.01667,2.55,51.46972,-0.451389,14,12.8828001
-23.62667,-46.65528,-25.52861,-49.17583,14,12.59889996
-23.62667,-46.65528,-29.98444,-51.17139,14,12.60289991
35.21667,-80.93333,40.6925,-74.16861,14,11.15130004
28.07111,112.9583,40.06333,116.5844,14,16.04450011
42.8,141.6667,35.76389,140.3917,14,12.4829998
16.03333,108.1833,21.22111,105.8072,14,13.37200022
39.86167,-104.6731,47.44889,-122.3094,14,12.58218801
13.9125,100.6067,8.095833,98.98889,14,12.71557593
13.9125,100.6067,9.1,99.33334,14,12.78897595
-8.748056,115.1672,-7.379722,112.7869,14,12.81948793
42.2125,-83.35333,40.6925,-74.16861,14,10.09870002
25.25,55.33333,26,50.5,14,17.3944999
25.25,55.33333,23.63333,58.53333,14,15.61469996
40.6925,-74.16861,33.9425,-118.4072,14,14.95624393
41.80444,12.25083,49.01667,2.55,14,13.66430023
50.02639,8.543056,49.01667,2.55,14,13.33439511
50.02639,8.543056,48.11028,16.56972,14,12.8828001
57.66278,12.27972,59.65194,17.91861,14,12.09509996
19.98333,110.0333,23.3925,113.2989,14,13.03760004
21.22111,105.8072,16.03333,108.1833,14,13.37200022
30.3,120.2833,36.1,120.3167,14,12.5582999
22.30889,113.9147,35.76389,140.3917,14,24.50980008
35.55222,139.7797,31.86667,131.45,14,12.92339993
17.45306,78.4675,28.56944,77.11806,14,13.29269993
29.98444,-95.34139,41.97861,-87.90472,14,14.10493201
21.67944,39.15667,30.12194,31.40556,14,22.39330006
8.095833,98.98889,13.9125,100.6067,14,12.71557593
24.9925,102.7436,23.3925,113.2989,14,12.58429992
-20.71667,116.7667,-31.94028,115.9669,14,11.80159992
2.745556,101.71,13.9125,100.6067,14,12.52588785
33.9425,-118.4072,29.98444,-95.34139,14,15.02634424
33.9425,-118.4072,37.35278,-121.9194,14,9.380140126
33.9425,-118.4072,38.7,-121.6167,14,9.724240124
51.14806,-0.190278,41.3,2.083333,14,12.5546
51.46972,-0.451389,49.01667,2.55,14,12.67680013
51.46972,-0.451389,46.23806,6.108889,14,12.39559996
51.46972,-0.451389,47.46472,8.549167,14,12.8828001
27.93194,-15.38667,40.46667,-3.566667,14,13.70346588
40.46667,-3.566667,41.24805,-8.681389,14,8.696119905
28.42944,-81.30889,39.87194,-75.24111,14,13.51659024
41.78333,-87.75,33.63667,-84.42805,14,11.86799484
19.43639,-99.07222,29.98444,-95.34139,14,12.36449987
44.88333,-93.21694,32.89694,-97.03806,14,11.97418034
44.88333,-93.21694,33.43333,-112.0333,14,13.65173912
48.35,11.78333,50.86667,7.15,14,12.03280002
31.74194,118.8619,23.3925,113.2989,14,12.72319996
31.74194,118.8619,22.55,113.9167,14,13.01719999
35.76389,140.3917,42.8,141.6667,14,12.41549981
35.76389,140.3917,22.30889,113.9147,14,23.37479997
41.97861,-87.90472,42.2125,-83.35333,14,10.07098904
41.97861,-87.90472,28.42944,-81.30889,14,13.16103613
41.97861,-87.90472,42.95,-87.9,14,6.401429892
41.97861,-87.90472,33.43333,-112.0333,14,13.29563218
60.19389,11.10028,69.68139,18.91778,14,12.72089994
45.58861,-122.5975,37.61889,-122.375,14,11.12505502
40.06333,116.5844,43.93333,87.73333,14,15.64870012
40.06333,116.5844,30.78389,114.2081,14,12.71929991
-31.94028,115.9669,-33.94611,151.1772,14,20.22830009
39.87194,-75.24111,42.2125,-83.35333,14,9.632690042
39.87194,-75.24111,28.42944,-81.30889,14,14.44309527
33.43333,-112.0333,37.61889,-122.375,14,12.56938821
0.460833,101.4444,-6.125556,106.6558,14,13.00010806
35.87778,-78.7875,33.63667,-84.42805,14,13.81699908
24.95778,46.69889,18.21667,42.5,14,12.40959978
32.73333,-117.1833,47.44889,-122.3094,14,11.63314199
37.61889,-122.375,32.89694,-97.03806,14,12.8915
1.350278,103.9944,5.3,100.2667,14,16.10070002
38.7,-121.6167,33.9425,-118.4072,14,9.684485078
-33.94611,151.1772,-31.94028,115.9669,14,20.96980011
3.131667,101.5483,6.166944,102.2931,14,5.600000083
69.68139,18.91778,60.19389,11.10028,14,12.65339994
25.07778,121.2239,1.350278,103.9944,14,21.39999986
34.44722,108.7517,43.93333,87.73333,14,12.70779997
53.30972,-113.5797,43.67722,-79.63055,14,12.47739995
49.95611,-119.3778,49.19389,-123.1833,14,7.117968976
43.67722,-79.63055,53.30972,-113.5797,14,12.51679993
47.46472,8.549167,51.46972,-0.451389,14,12.76250005
-37.00806,174.7917,-33.94611,151.1772,13,17.34099984
52.30861,4.763889,50.02639,8.543056,13,10.71417594
33.63667,-84.42805,41.78333,-87.75,13,11.00739485
33.63667,-84.42805,35.06667,-89.96667,13,14.99875629
33.63667,-84.42805,35.87778,-78.7875,13,12.96139908
33.63667,-84.42805,26.54222,-81.75528,13,13.49451309
30.19444,-97.67,33.9425,-118.4072,13,10.22586024
26,50.5,25.26111,51.565,13,13.54890001
41.3,2.083333,49.01667,2.55,13,12.26590014
13.68111,100.7472,31.14333,121.8053,13,16.20739985
13.68111,100.7472,9.55,100.0667,13,11.0278661
-27.38333,153.1167,-19.2525,146.7653,13,11.48169988
44.82861,-0.715278,48.71667,2.383333,13,12.59990036
4.703056,-74.13834,4.8,-75.75,13,11.52119982
1.066667,104.1333,-6.125556,106.6558,13,11.93927598
49.01667,2.55,52.30861,4.763889,13,12.48204416
49.01667,2.55,41.3,2.083333,13,12.26590014
49.01667,2.55,41.80444,12.25083,13,13.15430021
50.86667,7.15,52.56111,13.28944,13,11.52890003
29.71917,106.6417,30.3,120.2833,13,11.60239995
-25.52861,-49.17583,-23.62667,-46.65528,13,11.71249998
39.86167,-104.6731,32.73333,-117.1833,13,11.52632701
32.89694,-97.03806,40.6925,-74.16861,13,11.96870005
32.89694,-97.03806,44.88333,-93.21694,13,11.34448034
13.9125,100.6067,2.745556,101.71,13,11.63948786
42.2125,-83.35333,41.97861,-87.90472,13,9.541444063
25.25,55.33333,21.67944,39.15667,13,18.3077997
40.6925,-74.16861,42.2125,-83.35333,13,9.36560002
41.80444,12.25083,41.3,2.083333,13,11.66999984
50.02639,8.543056,52.30861,4.763889,13,10.71217597
-23.43194,-46.46944,-29.98444,-51.17139,13,12.03680003
46.23806,6.108889,51.46972,-0.451389,13,11.5072
35.55222,139.7797,34.78528,135.438,13,20.28179991
29.98444,-95.34139,35.21667,-80.93333,13,9.85860002
29.98444,-95.34139,33.9425,-118.4072,13,13.57863224
29.98444,-95.34139,25.77833,-100.1064,13,7.275099963
34.78528,135.438,35.55222,139.7797,13,20.28179991
21.67944,39.15667,25.25,55.33333,13,18.3077997
20.57722,120.3425,22.30889,113.9147,13,17.45449954
24.9925,102.7436,30.57861,103.9472,13,12.45009995
51.50528,0.055278,53.43333,-6.25,13,9.120127141
59.95,30.05,55.58333,37.26667,13,11.083152
51.46972,-0.451389,40.46667,-3.566667,13,14.33940005
51.46972,-0.451389,48.35,11.78333,13,12.1227001
38.78139,-9.135833,41.24805,-8.681389,13,10.33839396
40.46667,-3.566667,43.30111,-2.910556,13,10.98160008
40.46667,-3.566667,51.46972,-0.451389,13,14.33940005
23.63333,58.53333,25.25,55.33333,13,13.98210001
-37.67333,144.8433,-35.30695,149.195,13,11.24989986
25.78333,-80.26667,41.97861,-87.90472,13,13.52229989
14.51667,121.0167,10.63333,122.9333,13,11.51719987
14.51667,121.0167,11.7,122.3667,13,11.64149988
14.51667,121.0167,9.733333,118.75,13,11.5231998
44.88333,-93.21694,33.63667,-84.42805,13,14.07002914
48.35,11.78333,49.01667,2.55,13,12.03190011
48.35,11.78333,50.02639,8.543056,13,13.30260003
48.35,11.78333,51.46972,-0.451389,13,12.1227001
32.93333,129.9333,35.55222,139.7797,13,16.42269993
41.97861,-87.90472,25.78333,-80.26667,13,14.34178793
41.97861,-87.90472,47.44889,-122.3094,13,13.76747608
41.97861,-87.90472,43.67722,-79.63055,13,9.579300106
48.71667,2.383333,44.82861,-0.715278,13,12.59990036
64.93333,25.36667,60.31722,24.96333,13,11.37159985
4.8,-75.75,4.703056,-74.13834,13,11.03679982
40.06333,116.5844,46.01667,126.5833,13,11.87979996
40.06333,116.5844,24.46667,118.1167,13,13.77869999
5.3,100.2667,1.350278,103.9944,13,11.55789983
33.43333,-112.0333,32.89694,-97.03806,13,12.25540024
33.43333,-112.0333,36.08333,-115.1667,13,12.90310013
33.43333,-112.0333,34.05611,-117.6011,13,12.08368498
31.14333,121.8053,34.44722,108.7517,13,12.77240002
26.54222,-81.75528,33.63667,-84.42805,13,13.37700808
47.44889,-122.3094,39.86167,-104.6731,13,11.62038803
47.44889,-122.3094,37.35278,-121.9194,13,10.33852494
37.61889,-122.375,42.36306,-71,13,12.11727798
37.61889,-122.375,45.58861,-122.5975,13,10.65284497
37.61889,-122.375,33.66667,-117.8667,13,9.598195136
1.350278,103.9944,25.07778,121.2239,13,16.85719967
40.78833,-111.9667,33.9425,-118.4072,13,11.13435
33.66667,-117.8667,37.61889,-122.375,13,9.679000139
22.55,113.9167,19.98333,110.0333,13,11.95599502
22.55,113.9167,31.74194,118.8619,13,12.0941
28.48278,-16.34167,27.93194,-15.38667,13,7.194066048
-19.2525,146.7653,-27.38333,153.1167,13,11.48169988
52.56111,13.28944,50.86667,7.15,13,11.46340001
-0.133333,-78.48333,-2.1575,-79.88361,13,12.59890008
43.93333,87.73333,40.06333,116.5844,13,14.72560012
9.55,100.0667,13.68111,100.7472,13,11.0278661
48.11028,16.56972,50.02639,8.543056,13,11.99640012
48.11028,16.56972,47.46472,8.549167,13,11.64210004
55.58333,37.26667,59.95,30.05,13,10.91275197
30.78389,114.2081,40.06333,116.5844,13,11.81764394
34.44722,108.7517,23.3925,113.2989,13,11.86369991
34.44722,108.7517,22.55,113.9167,13,11.75359988
49.19389,-123.1833,49.95611,-119.3778,13,6.575668991
43.67722,-79.63055,40.6925,-74.16861,13,8.153900087
47.46472,8.549167,48.11028,16.56972,13,11.76240009
57.2,-2.2,51.46972,-0.451389,12,10.75309992
36.675,-4.499167,51.14806,-0.190278,12,10.79286605
43.35194,77.04028,51.16722,71.46694,12,13.39593494
52.30861,4.763889,55.61806,12.65583,12,10.6992439
52.30861,4.763889,41.80444,12.25083,12,10.83774394
33.63667,-84.42805,29.64556,-95.27889,12,10.19249493
33.63667,-84.42805,38.17444,-85.73611,12,13.70395029
10.63333,122.9333,14.51667,121.0167,12,10.63079989
41.3,2.083333,41.80444,12.25083,12,10.90389991
13.68111,100.7472,18.76833,98.96278,12,14.98569977
12.96667,77.6,17.45306,78.4675,12,11.05349988
59.35278,17.95,55.55,13.36667,12,11.36931396
67.26667,14.36667,60.19389,11.10028,12,9.668499917
42.36306,-71,39.17528,-76.66833,12,9.745194912
42.36306,-71,35.21667,-80.93333,12,11.13120019
42.36306,-71,33.9425,-118.4072,12,10.87644392
49.01667,2.55,40.46667,-3.566667,12,11.71590018
49.01667,2.55,43.43667,5.215,12,11.34416997
49.01667,2.55,48.35,11.78333,12,10.8264001
49.01667,2.55,43.635,1.367778,12,10.197081
-6.125556,106.6558,1.066667,104.1333,12,10.99473196
35.21667,-80.93333,32.89694,-97.03806,12,11.66240025
35.21667,-80.93333,42.2125,-83.35333,12,10.36330003
35.21667,-80.93333,29.98444,-95.34139,12,9.254299968
-19.63361,-43.96889,-23.62667,-46.65528,12,10.79929996
55.61806,12.65583,52.30861,4.763889,12,10.63174391
55.61806,12.65583,49.01667,2.55,12,11.35370016
55.61806,12.65583,51.46972,-0.451389,12,11.5952003
42.8,141.6667,34.42722,135.2439,12,10.72199988
39.04889,-84.66778,41.97861,-87.90472,12,7.329575151
28.56944,77.11806,25.25,55.33333,12,17.30189979
39.86167,-104.6731,29.98444,-95.34139,12,11.727276
39.86167,-104.6731,39.29167,-94.73055,12,8.37489
32.89694,-97.03806,35.21667,-80.93333,12,11.66240025
32.89694,-97.03806,42.2125,-83.35333,12,10.35842019
32.89694,-97.03806,36.08333,-115.1667,12,12.32706022
32.89694,-97.03806,28.42944,-81.30889,12,12.15849018
32.89694,-97.03806,33.43333,-112.0333,12,11.62570024
38.96556,121.5386,40.06333,116.5844,12,11.22810006
55.41945,37.88583,45.05222,33.97528,12,11.63104999
25.26111,51.565,26,50.5,12,12.62580001
42.2125,-83.35333,35.21667,-80.93333,12,9.960900038
42.2125,-83.35333,39.87194,-75.24111,12,8.580920041
53.43333,-6.25,51.50528,0.055278,12,8.253533125
51.28944,6.766667,52.56111,13.28944,12,10.78779995
40.6925,-74.16861,43.67722,-79.63055,12,7.677500069
41.80444,12.25083,52.30861,4.763889,12,10.83774394
50.02639,8.543056,48.35,11.78333,12,11.11200011
-22.80889,-43.24361,-12.9109,-38.331,12,10.84729993
-23.43194,-46.46944,-25.52861,-49.17583,12,10.70859987
37.06667,37.33333,40.97694,28.82111,12,10.99874395
19.98333,110.0333,22.55,113.9167,12,11.06959504
53.63333,9.983333,48.68333,9.2,12,10.31440002
60.31722,24.96333,55.61806,12.65583,12,10.20829982
60.31722,24.96333,64.93333,25.36667,12,10.48519987
30.3,120.2833,29.71917,106.6417,12,10.78349996
34.43611,132.9194,35.55222,139.7797,12,13.05999994
22.30889,113.9147,2.745556,101.71,12,15.83029997
38.94444,-77.45583,37.61889,-122.375,12,11.76853198
29.98444,-95.34139,39.86167,-104.6731,12,12.02864391
29.98444,-95.34139,40.76667,-73.86667,12,9.635500073
39.71722,-86.29472,33.63667,-84.42805,12,12.06178695
40.63333,-73.78333,42.94056,-78.73222,12,9.009799898
34.42722,135.2439,42.8,141.6667,12,10.72199988
11.7,122.3667,14.51667,121.0167,12,10.75509989
2.745556,101.71,22.30889,113.9147,12,15.48079991
36.08333,-115.1667,32.89694,-97.03806,12,12.24346018
36.08333,-115.1667,41.97861,-87.90472,12,11.21799213
33.9425,-118.4072,30.19444,-97.67,12,9.235260248
33.9425,-118.4072,42.36306,-71,12,11.17409992
33.9425,-118.4072,44.88333,-93.21694,12,13.015944
33.9425,-118.4072,45.58861,-122.5975,12,9.861510038
40.76667,-73.86667,40.49139,-80.23278,12,6.428425014
51.46972,-0.451389,59.65194,17.91861,12,11.31770003
51.46972,-0.451389,55.61806,12.65583,12,11.47490025
51.46972,-0.451389,25.25,55.33333,12,31.47369933
38.78139,-9.135833,48.71667,2.383333,12,10.82449996
40.46667,-3.566667,49.01667,2.55,12,11.71590018
40.46667,-3.566667,41.80444,12.25083,12,12.0049001
40.46667,-3.566667,48.71667,2.383333,12,10.89100009
28.42944,-81.30889,32.89694,-97.03806,12,11.74739015
28.42944,-81.30889,40.76667,-73.86667,12,11.34675014
19.43639,-99.07222,20.93333,-89.66666,12,10.45009983
19.43639,-99.07222,32.54111,-116.9703,12,10.74689984
22.14944,113.5917,25.07778,121.2239,12,13.48520005
25.78333,-80.26667,4.703056,-74.13834,12,18.19309998
25.78333,-80.26667,32.89694,-97.03806,12,14.80120003
20.93333,-89.66666,19.43639,-99.07222,12,10.61189985
55.55,13.36667,59.35278,17.95,12,11.40447593
43.43667,5.215,48.71667,2.383333,12,10.98970008
44.88333,-93.21694,41.78333,-87.75,12,9.065300107
25.77833,-100.1064,29.98444,-95.34139,12,6.791099966
41.24805,-8.681389,40.46667,-3.566667,12,7.0066199
41.97861,-87.90472,29.98444,-95.34139,12,11.29457605
41.97861,-87.90472,36.08333,-115.1667,12,11.27613616
48.71667,2.383333,38.78139,-9.135833,12,10.82449996
48.71667,2.383333,40.46667,-3.566667,12,10.89100009
48.71667,2.383333,43.43667,5.215,12,10.98970008
60.19389,11.10028,67.26667,14.36667,12,9.668499917
26.68306,-80.09556,33.63667,-84.42805,12,12.15069407
40.06333,116.5844,38.96556,121.5386,12,11.22810006
40.06333,116.5844,18.30278,109.4122,12,15.55599999
33.43333,-112.0333,44.88333,-93.21694,12,12.27294415
40.49139,-80.23278,40.76667,-73.86667,12,6.428425014
9.733333,118.75,14.51667,121.0167,12,10.63679981
31.14333,121.8053,13.68111,100.7472,12,13.49279976
31.14333,121.8053,22.55,113.9167,12,12.70708811
32.73333,-117.1833,39.86167,-104.6731,12,10.67784399
-22.83333,-43.25,-15.87111,-47.91861,12,10.7924
47.44889,-122.3094,61.17444,-149.9964,12,11.00312996
47.44889,-122.3094,32.73333,-117.1833,12,9.874748886
47.44889,-122.3094,49.19389,-123.1833,12,6.110312104
37.61889,-122.375,39.86167,-104.6731,12,10.98782706
37.61889,-122.375,38.94444,-77.45583,12,12.02948797
37.61889,-122.375,29.98444,-95.34139,12,12.13547611
31.2,121.3411,28.07111,112.9583,12,11.34840012
45.05222,33.97528,55.41945,37.88583,12,11.63104999
37.35278,-121.9194,33.9425,-118.4072,12,7.844140112
37.35278,-121.9194,47.44889,-122.3094,12,9.834763944
40.78833,-111.9667,36.08333,-115.1667,12,10.04492897
11.13611,-74.21667,4.703056,-74.13834,12,10.63679981
48.68333,9.2,53.63333,9.983333,12,10.31440002
18.30278,109.4122,40.06333,116.5844,12,15.09529996
22.55,113.9167,31.14333,121.8053,12,12.70708811
22.55,113.9167,34.44722,108.7517,12,10.8671999
52.56111,13.28944,51.28944,6.766667,12,10.78779995
52.56111,13.28944,47.46472,8.549167,12,10.91009998
43.93333,87.73333,34.44722,108.7517,12,10.89829999
9.1,99.33334,13.9125,100.6067,12,10.97947598
-41.32722,174.8053,-43.48889,172.5333,12,10.63679981
30.78389,114.2081,24.46667,118.1167,12,10.89959991
24.46667,118.1167,40.06333,116.5844,12,12.8556
24.46667,118.1167,31.14333,121.8053,12,21.11870027
24.46667,118.1167,30.78389,114.2081,12,10.89959991
36.54972,101.75,34.44722,108.7517,12,10.74479997
44.88083,-63.50861,43.67722,-79.63055,12,10.87169987
49.19389,-123.1833,47.44889,-122.3094,12,6.212112129
49.19389,-123.1833,48.65,-123.4333,12,4.948431969
49.91,-97.24,43.67722,-79.63055,12,10.3858999
51.11389,-114.0203,49.91,-97.24,12,9.884600163
43.67722,-79.63055,41.97861,-87.90472,12,8.496500105
43.67722,-79.63055,44.88083,-63.50861,12,10.87169987
43.67722,-79.63055,49.91,-97.24,12,10.8032999
47.46472,8.549167,51.28944,6.766667,12,10.57707298
47.46472,8.549167,46.23806,6.108889,12,10.26305807
36.98222,35.28028,40.89861,29.30917,11,10.08659995
-34.945,138.5306,-27.38333,153.1167,11,9.747199893
52.30861,4.763889,48.35,11.78333,11,8.929599941
59.65194,17.91861,51.46972,-0.451389,11,10.31299996
33.63667,-84.42805,38.94444,-77.45583,11,9.346590161
33.63667,-84.42805,36.08333,-115.1667,11,10.84168804
33.63667,-84.42805,26.68306,-80.09556,11,11.5301041
33.63667,-84.42805,33.43333,-112.0333,11,11.42094415
33.63667,-84.42805,37.5,-77.31667,11,10.89576006
33.63667,-84.42805,43.67722,-79.63055,11,7.109245062
24.43306,54.65111,25.26111,51.565,11,9.988999963
41.3,2.083333,48.71667,2.383333,11,9.787099838
43.30111,-2.910556,40.46667,-3.566667,11,9.66050005
-27.38333,153.1167,-34.945,138.5306,11,9.747199893
-27.38333,153.1167,-21.16667,149.1833,11,9.618699849
4.703056,-74.13834,6.216667,-75.58334,11,10.10730004
42.36306,-71,35.87778,-78.7875,11,7.763399959
42.36306,-71,37.61889,-122.375,11,10.97799498
42.94056,-78.73222,40.63333,-73.78333,11,8.123399913
39.17528,-76.66833,26.0725,-80.15278,11,9.120684922
10.3075,125.9794,7.125556,125.6458,11,9.779099941
-6.125556,106.6558,-3.283333,114.6833,11,10.16647601
8.415556,124.6111,14.51667,121.0167,11,9.750399828
-43.48889,172.5333,-41.32722,174.8053,11,9.750399828
33.50472,126.4931,36.63722,127.4897,11,10.23537612
29.71917,106.6417,24.9925,102.7436,11,9.944099903
29.71917,106.6417,31.14333,121.8053,11,11.89060009
41.41667,-81.85,40.76667,-73.86667,11,6.02820009
35.21667,-80.93333,42.36306,-71,11,10.36710024
35.21667,-80.93333,39.87194,-75.24111,11,11.19860017
55.61806,12.65583,60.31722,24.96333,11,9.321899831
28.07111,112.9583,31.2,121.3411,11,10.46200013
42.8,141.6667,34.85833,136.8053,11,10.01319993
30.57861,103.9472,30.3,120.2833,11,10.05840003
30.57861,103.9472,32.83694,103.6819,11,9.613200068
30.57861,103.9472,24.9925,102.7436,11,10.64059997
30.57861,103.9472,29.29306,90.90028,11,12.005
38.85194,-77.03778,28.42944,-81.30889,11,9.197300017
28.56944,77.11806,26.76667,80.88333,11,9.980799913
28.56944,77.11806,18.58333,73.91666,11,9.97059989
39.86167,-104.6731,38.94444,-77.45583,11,10.09928799
32.89694,-97.03806,25.78333,-80.26667,11,13.51209998
32.89694,-97.03806,39.87194,-75.24111,11,10.05413002
32.89694,-97.03806,47.44889,-122.3094,11,10.479388
32.89694,-97.03806,40.78833,-111.9667,11,9.930980325
55.41945,37.88583,56.85,60.6,11,9.623184025
42.2125,-83.35333,42.36306,-71,11,9.840499938
42.2125,-83.35333,32.89694,-97.03806,11,9.678020179
42.2125,-83.35333,29.98444,-95.34139,11,7.766100109
42.2125,-83.35333,40.76667,-73.86667,11,10.08872998
51.28944,6.766667,47.46472,8.549167,11,9.690672994
25.25,55.33333,28.56944,77.11806,11,15.11129987
25.25,55.33333,51.46972,-0.451389,11,28.50799942
25.25,55.33333,24.95778,46.69889,11,15.73199975
40.6925,-74.16861,35.21667,-80.93333,11,9.306500018
40.6925,-74.16861,32.89694,-97.03806,11,10.11950004
41.80444,12.25083,40.46667,-3.566667,11,10.99820006
26.0725,-80.15278,39.17528,-76.66833,11,9.540699959
-3.776389,-38.5325,-23.43194,-46.46944,11,10.48310018
50.02639,8.543056,40.46667,-3.566667,11,10.83340013
-22.80889,-43.24361,-23.62667,-46.65528,11,9.85739994
37.55833,126.7906,35.55222,139.7797,11,18.5727998
-23.43194,-46.46944,-27.67056,-48.54722,11,9.840599895
-23.43194,-46.46944,-3.776389,-38.5325,11,10.39950013
46.23806,6.108889,47.46472,8.549167,11,9.192385018
30.3,120.2833,30.57861,103.9472,11,9.93809998
22.30889,113.9147,20.57722,120.3425,11,15.04719961
8.113333,98.31694,1.350278,103.9944,11,9.860499859
35.55222,139.7797,37.55833,126.7906,11,18.58949983
35.55222,139.7797,32.93333,129.9333,11,12.45849991
29.64556,-95.27889,33.63667,-84.42805,11,9.101884902
38.94444,-77.45583,33.63667,-84.42805,11,9.346590161
38.94444,-77.45583,33.9425,-118.4072,11,10.41017604
29.98444,-95.34139,19.43639,-99.07222,11,8.661199987
29.98444,-95.34139,37.61889,-122.375,11,11.27517617
37.46917,126.4506,21.22111,105.8072,11,17.87504405
37.46917,126.4506,34.42722,135.2439,11,14.94699979
39.71722,-86.29472,40.6925,-74.16861,11,10.26470006
40.63333,-73.78333,36.08333,-115.1667,11,10.28969991
40.63333,-73.78333,25.78333,-80.26667,11,12.08229017
6.166944,102.2931,2.745556,101.71,11,9.845243871
34.42722,135.2439,37.46917,126.4506,11,14.94699979
24.9925,102.7436,29.71917,106.6417,11,9.942099929
24.9925,102.7436,22.55,113.9167,11,10.75469995
2.745556,101.71,6.166944,102.2931,11,9.845243871
2.745556,101.71,10.81889,106.6519,11,10.13779998
36.08333,-115.1667,40.63333,-73.78333,11,10.28969991
36.08333,-115.1667,44.88333,-93.21694,11,11.63259995
33.9425,-118.4072,49.19389,-123.1833,11,11.20764416
51.50528,0.055278,47.46472,8.549167,11,9.387137949
40.76667,-73.86667,28.42944,-81.30889,11,10.82115018
51.14806,-0.190278,36.675,-4.499167,11,9.908466041
51.14806,-0.190278,49.20806,-2.195556,11,9.758532047
51.46972,-0.451389,57.2,-2.2,11,9.988999963
-12.02194,-77.11444,-16.34111,-71.58305,11,9.590094984
26.76667,80.88333,28.56944,77.11806,11,9.980799913
40.46667,-3.566667,43.36667,-8.383333,11,9.411900043
28.42944,-81.30889,38.85194,-77.03778,11,9.197300017
28.42944,-81.30889,18.43944,-66.00195,11,9.2845999
41.78333,-87.75,44.88333,-93.21694,11,8.432600081
19.43639,-99.07222,25.78333,-80.26667,11,9.87229991
25.78333,-80.26667,40.63333,-73.78333,11,12.08229017
25.78333,-80.26667,8.966667,-79.53333,11,10.71889997
-21.16667,149.1833,-27.38333,153.1167,11,9.618699849
14.51667,121.0167,8.415556,124.6111,11,9.750399828
43.43667,5.215,49.01667,2.55,11,10.60607499
44.88333,-93.21694,40.6925,-74.16861,11,6.997800082
44.88333,-93.21694,36.08333,-115.1667,11,11.96999991
48.35,11.78333,52.30861,4.763889,11,8.929599941
34.85833,136.8053,42.8,141.6667,11,10.08069992
35.76389,140.3917,37.46917,126.4506,11,19.50980031
37.71667,-122.2167,36.08333,-115.1667,11,10.05349499
41.97861,-87.90472,41.41667,-81.85,11,7.314744025
41.97861,-87.90472,39.71722,-86.29472,11,10.39619708
41.97861,-87.90472,45.47055,-73.74083,11,6.569590092
48.71667,2.383333,41.3,2.083333,11,9.787099838
26.68306,-80.09556,40.6925,-74.16861,11,10.08688796
45.58861,-122.5975,33.9425,-118.4072,11,9.069744051
40.06333,116.5844,43.91667,125.3333,11,10.43654412
39.87194,-75.24111,35.21667,-80.93333,11,10.68984509
39.87194,-75.24111,32.89694,-97.03806,11,10.05413002
33.43333,-112.0333,33.63667,-84.42805,11,10.81944412
31.14333,121.8053,25.07778,121.2239,11,19.96389985
35.87778,-78.7875,42.36306,-71,11,7.65169996
37.5,-77.31667,33.63667,-84.42805,11,10.89576006
23.48806,121.12,22.30889,113.9147,11,9.451999843
24.95778,46.69889,25.25,55.33333,11,15.73199975
32.73333,-117.1833,37.71667,-122.2167,11,9.35897994
32.73333,-117.1833,33.43333,-112.0333,11,10.04959518
40.89861,29.30917,36.98222,35.28028,11,10.15409994
40.89861,29.30917,40.91667,39.83333,11,10.15409994
38.17444,-85.73611,33.63667,-84.42805,11,12.49845028
38.17444,-85.73611,32.89694,-97.03806,11,16.21980011
37.61889,-122.375,33.63667,-84.42805,11,11.32617605
37.61889,-122.375,40.78833,-111.9667,11,7.845110118
31.2,121.3411,30.57861,103.9472,11,10.76789999
1.350278,103.9944,8.113333,98.31694,11,9.860499859
40.78833,-111.9667,32.89694,-97.03806,11,9.674280345
40.78833,-111.9667,37.61889,-122.375,11,7.327045023
33.66667,-117.8667,39.86167,-104.6731,11,9.700500011
-12.9109,-38.331,-22.80889,-43.24361,11,9.976999998
38.74861,-90.37,33.63667,-84.42805,11,10.98999012
-7.379722,112.7869,-1.266667,116.9,11,10.24606407
56.85,60.6,55.41945,37.88583,11,9.629183948
33.98333,74.78333,28.56944,77.11806,11,9.944099903
-33.94611,151.1772,-16.88333,145.75,11,10.05419993
22.55,113.9167,24.9925,102.7436,11,10.75469995
32.54111,-116.9703,21.45472,-103.3011,11,9.715599895
-5.242222,105.1789,-6.125556,106.6558,11,10.08319789
34.13278,134.6064,35.55222,139.7797,11,12.71259987
43.635,1.367778,49.01667,2.55,11,9.310681015
25.07778,121.2239,22.14944,113.5917,11,12.35819995
25.07778,121.2239,31.14333,121.8053,11,19.96389985
51.16722,71.46694,43.35194,77.04028,11,11.070135
34.44722,108.7517,36.54972,101.75,11,9.821699977
43.6275,-79.39611,40.6925,-74.16861,11,5.531900048
49.19389,-123.1833,33.9425,-118.4072,11,9.339044094
43.67722,-79.63055,33.63667,-84.42805,11,7.109245062
47.46472,8.549167,52.30861,4.763889,11,9.656399906
47.46472,8.549167,49.01667,2.55,11,9.343955934
47.46472,8.549167,51.50528,0.055278,11,9.387137949
47.46472,8.549167,52.56111,13.28944,11,9.905399919
38.2925,27.15694,40.13333,33,10,9.163499951
-34.55917,-58.41556,-31.31667,-64.21667,10,8.596699953
62.56028,6.1,60.19389,11.10028,10,8.814700007
23.07722,72.63472,28.56944,77.11806,10,9.413499951
52.30861,4.763889,41.3,2.083333,10,9.096287966
52.30861,4.763889,53.35,-2.266667,10,8.446644008
52.30861,4.763889,47.46472,8.549167,10,8.731299937
59.65194,17.91861,63.79194,20.28278,10,8.989099979
33.63667,-84.42805,30.19444,-97.67,10,9.154608011
33.63667,-84.42805,33.56667,-86.75,10,9.872610331
33.63667,-84.42805,36.12444,-86.67805,10,9.579850197
33.63667,-84.42805,32.89861,-80.04056,10,9.578420162
33.63667,-84.42805,39.29167,-94.73055,10,10.64103007
33.63667,-84.42805,40.49139,-80.23278,10,9.286310196
33.63667,-84.42805,37.61889,-122.375,10,11.39078796
33.63667,-84.42805,38.74861,-90.37,10,9.831880093
30.19444,-97.67,33.63667,-84.42805,10,9.455074012
41.3,2.083333,52.30861,4.763889,10,9.096287966
41.3,2.083333,50.90222,4.485833,10,9.289199948
41.3,2.083333,50.02639,8.543056,10,9.82640028
-3.283333,114.6833,-6.125556,106.6558,10,9.243376017
33.56667,-86.75,33.63667,-84.42805,10,9.872610331
13.68111,100.7472,37.46917,126.4506,10,16.64409995
13.68111,100.7472,10.81889,106.6519,10,11.28639996
12.96667,77.6,18.58333,73.91666,10,8.94329989
36.12444,-86.67805,33.63667,-84.42805,10,9.579850197
4.703056,-74.13834,7.916667,-72.53333,10,8.859999895
4.703056,-74.13834,11.13611,-74.21667,10,8.863999844
42.36306,-71,32.89694,-97.03806,10,10.1925
42.36306,-71,42.2125,-83.35333,10,8.655144036
42.36306,-71,26.54222,-81.75528,10,8.640599847
50.90222,4.485833,41.3,2.083333,10,9.289199948
50.90222,4.485833,41.80444,12.25083,10,8.931399941
50.90222,4.485833,40.46667,-3.566667,10,9.008566082
-15.87111,-47.91861,-23.43194,-46.46944,10,9.20449996
39.17528,-76.66833,35.21667,-80.93333,10,9.184100151
23.3925,113.2989,1.350278,103.9944,10,11.8155998
23.3925,113.2989,24.46667,118.1167,10,9.275900006
-36.79,-73.08444,-33.55972,-70.7,10,9.094600081
49.01667,2.55,55.61806,12.65583,10,9.460600138
49.01667,2.55,40.63333,-73.78333,10,19.90839982
49.01667,2.55,43.66528,7.215,10,8.369599968
49.01667,2.55,47.46472,8.549167,10,8.618300915
-23.62667,-46.65528,-22.80889,-43.24361,10,8.965099931
-6.125556,106.6558,-2.166667,106.1333,10,9.168475926
-6.125556,106.6558,-5.242222,105.1789,10,9.183731914
43.91667,125.3333,40.06333,116.5844,10,9.59704417
32.89861,-80.04056,33.63667,-84.42805,10,9.426090121
29.71917,106.6417,31.74194,118.8619,10,9.127099991
29.71917,106.6417,31.2,121.3411,10,9.408400059
40,-82.88333,33.63667,-84.42805,10,9.710129142
-16.88333,145.75,-33.94611,151.1772,10,9.16779995
18.76833,98.96278,13.68111,100.7472,10,12.11719978
10.15194,76.40195,19.08861,72.86806,10,10.22359991
37.46667,15.06667,45.45,9.283333,10,8.209084928
30.57861,103.9472,31.2,121.3411,10,9.881500006
30.57861,103.9472,34.44722,108.7517,10,9.014999986
7.916667,-72.53333,4.703056,-74.13834,10,8.859999895
38.85194,-77.03778,32.89694,-97.03806,10,9.230999947
38.85194,-77.03778,42.2125,-83.35333,10,7.849620044
28.56944,77.11806,25.59028,85.08972,10,8.863899946
39.86167,-104.6731,42.2125,-83.35333,10,8.154195011
39.86167,-104.6731,40.76667,-73.86667,10,8.87379992
39.86167,-104.6731,33.66667,-117.8667,10,8.777400017
32.89694,-97.03806,42.36306,-71,10,10.1925
32.89694,-97.03806,38.85194,-77.03778,10,9.230999947
32.89694,-97.03806,35.06667,-89.96667,10,13.08315623
32.89694,-97.03806,38.17444,-85.73611,10,13.35640013
25.26111,51.565,24.43306,54.65111,10,9.102599978
25.26111,51.565,29.22667,47.96889,10,9.636999965
-8.748056,115.1672,2.745556,101.71,10,11.18694395
-8.748056,115.1672,-31.94028,115.9669,10,10.4297998
42.2125,-83.35333,39.86167,-104.6731,10,8.518900037
53.43333,-6.25,51.14806,-0.190278,10,9.047499895
51.28944,6.766667,51.46972,-0.451389,10,8.851999998
51.28944,6.766667,48.11028,16.56972,10,8.868599951
40.13333,33,38.2925,27.15694,10,9.163499951
40.6925,-74.16861,44.88333,-93.21694,10,6.309800088
40.6925,-74.16861,26.68306,-80.09556,10,9.047499895
40.6925,-74.16861,43.6275,-79.39611,10,5.029000044
41.80444,12.25083,51.46972,-0.451389,10,10.8519001
41.80444,12.25083,48.35,11.78333,10,9.218900084
41.80444,12.25083,45.20083,7.649722,10,8.655999899
26.0725,-80.15278,41.97861,-87.90472,10,9.196488023
-27.67056,-48.54722,-23.43194,-46.46944,10,8.9174999
50.02639,8.543056,40.97694,28.82111,10,11.09340024
50.02639,8.543056,47.46472,8.549167,10,8.279076934
21.45472,-103.3011,32.54111,-116.9703,10,8.831199884
37.55833,126.7906,35.17944,128.9383,10,9.316776037
57.66278,12.27972,55.61806,12.65583,10,6.189400047
-23.43194,-46.46944,-15.87111,-47.91861,10,9.069499969
22.30889,113.9147,30.3,120.2833,10,11.10259974
35.55222,139.7797,34.42722,135.2439,10,10.76299989
35.55222,139.7797,36.38333,136.4167,10,9.163499951
35.55222,139.7797,33.81667,132.7,10,11.21379995
35.55222,139.7797,34.13278,134.6064,10,11.1329999
17.45306,78.4675,12.96667,77.6,10,8.748299897
29.98444,-95.34139,42.2125,-83.35333,10,7.121700048
29.98444,-95.34139,40.6925,-74.16861,10,11.61698806
29.98444,-95.34139,44.88333,-93.21694,10,6.253400117
37.46917,126.4506,35.76389,140.3917,10,16.87880027
38.36667,106.3667,34.44722,108.7517,10,10.88390005
39.71722,-86.29472,41.97861,-87.90472,10,9.399397075
40.97694,28.82111,37.06667,37.33333,10,9.068943918
40.97694,28.82111,35.68917,51.31333,10,11.64260018
49.20806,-2.195556,51.14806,-0.190278,10,8.874132037
32.83694,103.6819,30.57861,103.9472,10,8.728800058
34.42722,135.2439,35.76389,140.3917,10,12.1655997
24.9925,102.7436,31.2,121.3411,10,8.777499914
36.38333,136.4167,35.55222,139.7797,10,9.163499951
29.22667,47.96889,25.26111,51.565,10,9.636999965
36.08333,-115.1667,33.63667,-84.42805,10,10.61368811
36.08333,-115.1667,42.2125,-83.35333,10,10.09868801
36.08333,-115.1667,39.49917,-119.7681,10,8.788394988
36.08333,-115.1667,40.78833,-111.9667,10,8.386533976
33.9425,-118.4072,38.94444,-77.45583,10,9.844876051
33.9425,-118.4072,19.43639,-99.07222,10,10.40109992
33.9425,-118.4072,25.78333,-80.26667,10,11.43260002
40.76667,-73.86667,39.86167,-104.6731,10,8.83709991
40.76667,-73.86667,42.2125,-83.35333,10,9.229590058
40.76667,-73.86667,45.47055,-73.74083,10,6.425500214
51.46972,-0.451389,54.61806,-5.8725,10,8.857999921
51.46972,-0.451389,51.28944,6.766667,10,8.850000024
51.46972,-0.451389,41.80444,12.25083,10,10.73160005
51.46972,-0.451389,48.11028,16.56972,10,8.984299898
-12.02194,-77.11444,-5.2,-80.61667,10,8.714761019
23.58472,102.0097,24.9925,102.7436,10,8.70599997
27.93194,-15.38667,28.94556,-13.60528,10,4.406720042
29.29306,90.90028,30.57861,103.9472,10,11.12059999
45.72556,5.081111,44.82861,-0.715278,10,6.945499957
12.99472,80.17528,17.45306,78.4675,10,9.108099878
40.46667,-3.566667,50.90222,4.485833,10,9.008566082
40.46667,-3.566667,50.02639,8.543056,10,10.06930017
40.46667,-3.566667,28.48278,-16.34167,10,10.49379992
53.35,-2.266667,52.30861,4.763889,10,8.446644008
39.29167,-94.73055,33.63667,-84.42805,10,10.67792505
39.29167,-94.73055,39.86167,-104.6731,10,7.24150002
28.42944,-81.30889,39.17528,-76.66833,10,8.220979929
28.42944,-81.30889,25.78333,-80.26667,10,12.33009994
-37.67333,144.8433,-37.00806,174.7917,10,13.59709978
35.06667,-89.96667,29.98444,-95.34139,10,11.48130608
25.78333,-80.26667,19.43639,-99.07222,10,9.01669991
42.95,-87.9,33.63667,-84.42805,10,9.768887997
14.51667,121.0167,11.23333,125.0167,10,8.863999844
44.88333,-93.21694,29.98444,-95.34139,10,6.65380013
44.88333,-93.21694,33.9425,-118.4072,10,10.0779441
44.88333,-93.21694,39.87194,-75.24111,10,8.513899982
48.35,11.78333,40.46667,-3.566667,10,9.414600134
45.63333,8.733333,49.01667,2.55,10,9.75970009
40.88611,14.29083,45.45,9.283333,10,8.623225033
31.74194,118.8619,29.71917,106.6417,10,9.127099991
31.74194,118.8619,40.06333,116.5844,10,10.1601001
35.76389,140.3917,33.58333,130.45,10,8.974099874
37.71667,-122.2167,32.73333,-117.1833,10,8.435879946
41.97861,-87.90472,39.04889,-84.66778,10,5.884545088
41.97861,-87.90472,35.06667,-89.96667,10,10.99504903
41.97861,-87.90472,27.97556,-82.53306,10,9.50467813
60.19389,11.10028,62.56028,6.1,10,8.814700007
25.59028,85.08972,28.56944,77.11806,10,8.863899946
45.58861,-122.5975,39.86167,-104.6731,10,8.675439
-31.94028,115.9669,-8.748056,115.1672,10,9.68359983
-2.166667,106.1333,-6.125556,106.6558,10,9.155409932
39.87194,-75.24111,44.88333,-93.21694,10,8.500930011
39.87194,-75.24111,43.67722,-79.63055,10,5.688225031
33.43333,-112.0333,38.7,-121.6167,10,8.776295006
33.43333,-112.0333,33.66667,-117.8667,10,9.505200028
40.49139,-80.23278,33.63667,-84.42805,10,9.26158011
-41.48333,-72.85,-33.55972,-70.7,10,8.98029995
35.17944,128.9383,37.55833,126.7906,10,9.258632004
31.14333,121.8053,29.71917,106.6417,10,10.44349992
31.14333,121.8053,36.1,120.3167,10,12.10449994
32.73333,-117.1833,32.89694,-97.03806,10,10.00990009
29.53333,-98.46667,33.63667,-84.42805,10,10.78589505
-33.55972,-70.7,-36.79,-73.08444,10,9.094600081
-33.55972,-70.7,-20.23333,-70.15,10,8.98029995
47.44889,-122.3094,32.89694,-97.03806,10,9.295332015
47.44889,-122.3094,41.97861,-87.90472,10,9.280076027
37.61889,-122.375,44.88333,-93.21694,10,9.338600039
10.81889,106.6519,13.68111,100.7472,10,11.28639996
10.81889,106.6519,16.40139,107.7025,10,9.345200062
10.81889,106.6519,2.745556,101.71,10,9.131099939
31.2,121.3411,29.71917,106.6417,10,9.408400059
31.2,121.3411,24.9925,102.7436,10,8.777499914
31.2,121.3411,34.44722,108.7517,10,9.296300054
1.350278,103.9944,23.3925,113.2989,10,11.86499989
38.7,-121.6167,33.43333,-112.0333,10,8.895799994
51.88333,0.233333,55.95,-3.35,10,8.374879956
18.30278,109.4122,23.3925,113.2989,10,9.267500043
11.23333,125.0167,14.51667,121.0167,10,8.863999844
28.48278,-16.34167,40.46667,-3.566667,10,10.81289995
27.97556,-82.53306,38.85194,-77.03778,10,8.40170002
25.07778,121.2239,13.68111,100.7472,10,18.24769986
45.20083,7.649722,41.80444,12.25083,10,8.655999899
39.14222,117.1767,23.3925,113.2989,10,10.22259986
39.14222,117.1767,31.14333,121.8053,10,15.84650016
52.56111,13.28944,48.11028,16.56972,10,9.02489996
40.91667,39.83333,40.89861,29.30917,10,9.230999947
33.96667,131.3417,35.55222,139.7797,10,10.39719987
63.79194,20.28278,59.65194,17.91861,10,9.056599975
43.93333,87.73333,30.57861,103.9472,10,9.754999876
48.11028,16.56972,51.28944,6.766667,10,8.988900006
48.11028,16.56972,52.56111,13.28944,10,8.902599931
34.44722,108.7517,30.57861,103.9472,10,9.014999986
34.44722,108.7517,38.36667,106.3667,10,10.88390005
53.30972,-113.5797,56.65,-111.2167,10,5.911904037
56.65,-111.2167,53.30972,-113.5797,10,5.911904037
48.37167,-89.32389,43.67722,-79.63055,10,4.983345032
45.47055,-73.74083,40.76667,-73.86667,10,6.425500214
49.91,-97.24,51.11389,-114.0203,10,8.03730011
52.16667,-106.6833,51.11389,-114.0203,10,6.820600033
53.88333,-122.6833,49.19389,-123.1833,10,5.029000044
43.03556,-81.15389,43.67722,-79.63055,10,3.882230163
51.11389,-114.0203,56.65,-111.2167,10,6.07139504
43.67722,-79.63055,48.37167,-89.32389,10,4.983345032
43.67722,-79.63055,43.03556,-81.15389,10,4.373660147
47.46472,8.549167,50.02639,8.543056,10,8.279076934
35.04028,-106.6092,33.43333,-112.0333,9,6.847629964
-34.55917,-58.41556,-23.43194,-46.46944,9,7.690999925
-34.55917,-58.41556,-32.83333,-68.78333,9,7.538599968
-37.00806,174.7917,-37.67333,144.8433,9,12.7106998
52.30861,4.763889,59.65194,17.91861,9,7.99849999
52.30861,4.763889,51.14806,-0.190278,9,7.982665956
52.30861,4.763889,60.19389,11.10028,9,7.592699945
59.65194,17.91861,52.30861,4.763889,9,7.99849999
59.65194,17.91861,50.02639,8.543056,9,9.667900085
38.7,35.5,40.89861,29.30917,9,8.203699946
33.63667,-84.42805,41.93889,-72.68333,9,8.824075282
33.63667,-84.42805,40,-82.88333,9,8.972034156
33.63667,-84.42805,39.04889,-84.66778,9,10.24148023
33.63667,-84.42805,32.85278,-96.85,9,7.528394878
33.63667,-84.42805,36.09778,-79.93723,9,7.415335178
33.63667,-84.42805,42.95,-87.9,9,8.728282988
33.63667,-84.42805,36.9,-76.2,9,8.56542021
33.63667,-84.42805,32.13333,-81.2,9,8.602150202
33.63667,-84.42805,40.78833,-111.9667,9,10.95949996
24.43306,54.65111,26,50.5,9,8.753799915
30.19444,-97.67,39.86167,-104.6731,9,7.520694971
26,50.5,24.43306,54.65111,9,8.75579989
41.3,2.083333,38.86667,1.35,9,8.08769989
41.3,2.083333,38.78139,-9.135833,9,7.691499978
41.3,2.083333,37.43333,-5.9,9,8.05099988
41.93889,-72.68333,33.63667,-84.42805,9,8.941580296
54.61806,-5.8725,51.46972,-0.451389,9,7.969599962
52.45,-1.75,52.30861,4.763889,9,7.05370003
13.68111,100.7472,35.76389,140.3917,9,19.24109972
13.68111,100.7472,25.07778,121.2239,9,16.97720003
59.35278,17.95,57.66278,12.27972,9,8.553356946
-27.38333,153.1167,-35.30695,149.195,9,7.42569989
44.82861,-0.715278,45.72556,5.081111,9,6.340799928
19.08861,72.86806,10.15194,76.40195,9,8.083699942
42.36306,-71,28.42944,-81.30889,9,7.865899861
-1.266667,116.9,-7.379722,112.7869,9,8.378420055
50.90222,4.485833,55.61806,12.65583,9,8.441100061
50.90222,4.485833,46.23806,6.108889,9,7.967599988
39.25139,9.05,41.80444,12.25083,9,8.819700241
23.3925,113.2989,34.75,113.4167,9,8.240399957
23.3925,113.2989,18.30278,109.4122,9,8.411900043
23.3925,113.2989,39.14222,117.1767,9,8.099499941
-35.30695,149.195,-27.38333,153.1167,9,7.42569989
49.01667,2.55,53.43333,-6.25,9,8.121655047
49.01667,2.55,46.23806,6.108889,9,8.08920002
49.01667,2.55,45.45,9.283333,9,8.138800025
49.01667,2.55,45.63333,8.733333,9,8.695800066
49.01667,2.55,48.11028,16.56972,9,8.294699907
-6.125556,106.6558,-7.5,110.75,9,8.37223202
34.75,113.4167,31.2,121.3411,9,8.318099976
34.75,113.4167,43.93333,87.73333,9,8.060799956
43.91667,125.3333,31.14333,121.8053,9,8.134599924
33.50472,126.4931,35.8,128.55,9,8.382432044
35.21667,-80.93333,39.17528,-76.66833,9,8.059895098
35.21667,-80.93333,38.85194,-77.03778,9,7.534445047
35.21667,-80.93333,38.94444,-77.45583,9,5.325900078
35.21667,-80.93333,28.42944,-81.30889,9,9.917000294
35.21667,-80.93333,25.78333,-80.26667,9,8.324300051
35.21667,-80.93333,33.43333,-112.0333,9,9.06030035
35.21667,-80.93333,40.49139,-80.23278,9,7.881900072
35.21667,-80.93333,27.97556,-82.53306,9,8.577100158
40,-82.88333,41.97861,-87.90472,9,7.05580005
-31.31667,-64.21667,-34.55917,-58.41556,9,7.821999967
55.61806,12.65583,50.90222,4.485833,9,8.441100061
55.61806,12.65583,50.02639,8.543056,9,8.458800077
55.61806,12.65583,51.14806,-0.190278,9,8.153100014
42.8,141.6667,34.78528,135.438,9,8.736099958
30.57861,103.9472,43.93333,87.73333,9,8.831899881
-25.52861,-49.17583,-23.43194,-46.46944,9,8.056899905
32.85278,-96.85,33.63667,-84.42805,9,7.360884845
32.85278,-96.85,38.85194,-77.03778,9,7.854300022
32.85278,-96.85,40.76667,-73.86667,9,8.020099998
38.85194,-77.03778,35.21667,-80.93333,9,7.534445047
38.85194,-77.03778,25.78333,-80.26667,9,8.307899952
38.85194,-77.03778,27.97556,-82.53306,9,7.478600025
28.56944,77.11806,23.07722,72.63472,9,8.207999945
28.56944,77.11806,33.98333,74.78333,9,8.171299934
39.86167,-104.6731,30.19444,-97.67,9,7.672900021
39.86167,-104.6731,40.6925,-74.16861,9,8.944700003
39.86167,-104.6731,41.3,-95.9,9,6.230594993
39.86167,-104.6731,38.74861,-90.37,9,6.837790072
39.86167,-104.6731,32.11611,-110.9411,9,5.605180025
32.89694,-97.03806,35.04028,-106.6092,9,9.059380293
32.89694,-97.03806,29.99333,-90.25806,9,9.347010374
32.89694,-97.03806,32.73333,-117.1833,9,9.003200054
32.89694,-97.03806,33.66667,-117.8667,9,8.307899952
-1.638056,103.6444,-6.125556,106.6558,9,8.33553201
13.9125,100.6067,16.45,102.8333,9,8.05099988
13.9125,100.6067,8.433333,99.96667,9,8.161099911
42.2125,-83.35333,38.85194,-77.03778,9,7.392375052
42.2125,-83.35333,39.71722,-86.29472,9,8.43542704
42.2125,-83.35333,36.08333,-115.1667,9,8.994944036
42.2125,-83.35333,28.42944,-81.30889,9,10.13940024
42.2125,-83.35333,41.78333,-87.75,9,6.445900142
42.2125,-83.35333,27.97556,-82.53306,9,8.690232098
53.43333,-6.25,52.45,-1.75,9,7.637999922
53.43333,-6.25,49.01667,2.55,9,8.121655047
53.43333,-6.25,53.35,-2.266667,9,7.151599944
53.43333,-6.25,51.88333,0.233333,9,9.001399994
7.125556,125.6458,10.3075,125.9794,9,7.971599936
25.25,55.33333,31.96667,35.98333,9,12.23469996
25.25,55.33333,24.90667,67.16084,9,15.09669983
40.6925,-74.16861,51.46972,-0.451389,9,14.88899994
40.6925,-74.16861,25.78333,-80.26667,9,8.350787997
-34.82222,-58.53583,-33.55972,-70.7,9,9.692499936
41.80444,12.25083,50.90222,4.485833,9,8.044999957
41.80444,12.25083,39.25139,9.05,9,8.819700241
41.80444,12.25083,44.43,8.8375,9,7.557600021
41.80444,12.25083,51.14806,-0.190278,9,8.021365941
41.80444,12.25083,48.71667,2.383333,9,7.973599911
32.69778,-16.77444,38.78139,-9.135833,9,8.087900043
50.02639,8.543056,59.65194,17.91861,9,9.547600031
50.02639,8.543056,41.3,2.083333,9,8.819700241
50.02639,8.543056,55.61806,12.65583,9,8.338500023
50.02639,8.543056,50.06667,14.43333,9,7.943594992
33.58333,130.45,35.76389,140.3917,9,8.05099988
-22.80889,-43.24361,-29.98444,-51.17139,9,8.135299921
-22.80889,-43.24361,-8.125833,-34.92389,9,8.135299921
44.43,8.8375,41.80444,12.25083,9,7.557600021
57.66278,12.27972,59.35278,17.95,9,8.553356946
36.09778,-79.93723,33.63667,-84.42805,9,7.415335178
46.23806,6.108889,52.30861,4.763889,9,7.707676053
46.23806,6.108889,50.90222,4.485833,9,7.967599988
46.23806,6.108889,49.01667,2.55,9,8.08920002
52.46111,9.685,48.35,11.78333,9,8.167299986
19.98333,110.0333,28.07111,112.9583,9,8.279399991
19.98333,110.0333,40.06333,116.5844,9,9.527500153
53.63333,9.983333,48.11028,16.56972,9,7.971599936
30.3,120.2833,22.30889,113.9147,9,9.46999979
35.55222,139.7797,33.25,131.6333,9,8.964399934
35.55222,139.7797,34.58333,133.9333,9,9.299299955
35.55222,139.7797,34.75,133.5167,9,8.803599954
21.33333,-157.9333,35.76389,140.3917,9,15.1273998
20.81667,106.5667,10.81889,106.6519,9,8.458800077
17.45306,78.4675,12.99472,80.17528,9,8.341999948
38.94444,-77.45583,40.6925,-74.16861,9,7.157420039
38.94444,-77.45583,41.97861,-87.90472,9,7.782799959
29.98444,-95.34139,30.19444,-97.67,9,6.465500087
29.98444,-95.34139,31.9425,-102.2019,9,4.654300004
37.46917,126.4506,61.17444,-149.9964,9,23.43540072
37.46917,126.4506,13.68111,100.7472,9,14.66199994
37.46917,126.4506,14.51667,121.0167,9,14.04930019
37.46917,126.4506,25.07778,121.2239,9,13.90369976
39.71722,-86.29472,35.21667,-80.93333,9,8.285800099
39.71722,-86.29472,39.86167,-104.6731,9,9.481090009
-20.23333,-70.15,-33.55972,-70.7,9,8.097899914
40.97694,28.82111,50.02639,8.543056,9,10.20700026
40.97694,28.82111,32.01417,34.88667,9,10.03510022
40.97694,28.82111,40.91667,39.83333,9,8.252900004
34.78528,135.438,42.8,141.6667,9,8.736099958
21.67944,39.15667,18.21667,42.5,9,7.977599859
40.63333,-73.78333,41.97861,-87.90472,9,6.655799985
40.63333,-73.78333,26.68306,-80.09556,9,8.548890114
40.63333,-73.78333,18.42972,-69.66889,9,8.244699955
40.63333,-73.78333,27.97556,-82.53306,9,8.002829909
24.90667,67.16084,25.25,55.33333,9,14.62139988
46.92889,28.92667,55.41945,37.88583,9,8.3325001
34.42722,135.2439,35.55222,139.7797,9,8.780899882
34.42722,135.2439,26.33333,127.8333,9,9.437399864
16.45,102.8333,13.9125,100.6067,9,8.05099988
58.2,8.1,60.19389,11.10028,9,7.930999994
2.745556,101.71,13.68111,100.7472,9,11.22559988
2.745556,101.71,-8.748056,115.1672,9,10.26384395
2.745556,101.71,4.452778,114,9,8.161099911
36.08333,-115.1667,41.78333,-87.75,9,7.902899981
36.08333,-115.1667,32.73333,-117.1833,9,7.540484965
43.36667,-8.383333,40.46667,-3.566667,9,7.643100023
40.76667,-73.86667,32.85278,-96.85,9,8.020099998
40.76667,-73.86667,29.98444,-95.34139,9,7.402199984
51.14806,-0.190278,52.30861,4.763889,9,7.982665956
51.14806,-0.190278,55.61806,12.65583,9,8.153100014
51.14806,-0.190278,53.43333,-6.25,9,8.1243999
51.14806,-0.190278,41.80444,12.25083,9,8.021365941
51.14806,-0.190278,40.46667,-3.566667,9,8.081699967
51.46972,-0.451389,50.90222,4.485833,9,8.476972997
51.46972,-0.451389,40.6925,-74.16861,9,14.51489997
51.46972,-0.451389,22.30889,113.9147,9,20.2178998
51.46972,-0.451389,33.9425,-118.4072,9,20.46059978
51.46972,-0.451389,38.78139,-9.135833,9,8.212200046
51.46972,-0.451389,53.35,-2.266667,9,8.210200071
51.46972,-0.451389,41.97861,-87.90472,9,18.2542001
51.46972,-0.451389,60.19389,11.10028,9,8.020099998
51.46972,-0.451389,52.56111,13.28944,9,7.973599911
45.45,9.283333,49.01667,2.55,9,8.138800025
45.45,9.283333,37.46667,15.06667,9,7.324684918
45.45,9.283333,40.88611,14.29083,9,7.825320005
38.78139,-9.135833,32.69778,-16.77444,9,7.965600014
38.78139,-9.135833,51.46972,-0.451389,9,8.212200046
40.46667,-3.566667,38.86667,1.35,9,7.755999923
40.46667,-3.566667,51.14806,-0.190278,9,8.081699967
40.46667,-3.566667,48.35,11.78333,9,8.530200124
53.35,-2.266667,53.43333,-6.25,9,7.151599944
53.35,-2.266667,51.46972,-0.451389,9,8.210200071
28.42944,-81.30889,42.36306,-71,9,7.865899861
28.42944,-81.30889,35.21667,-80.93333,9,9.917000294
28.42944,-81.30889,42.2125,-83.35333,9,10.20220029
28.42944,-81.30889,41.78333,-87.75,9,7.902899981
41.78333,-87.75,36.08333,-115.1667,9,7.902899981
41.78333,-87.75,28.42944,-81.30889,9,7.902899981
35.06667,-89.96667,32.89694,-97.03806,9,11.50355625
35.06667,-89.96667,41.97861,-87.90472,9,10.34645706
19.43639,-99.07222,18,-92.98333,9,7.679199874
25.78333,-80.26667,35.21667,-80.93333,9,8.407900095
25.78333,-80.26667,38.85194,-77.03778,9,8.964399934
25.78333,-80.26667,33.9425,-118.4072,9,10.50950003
25.78333,-80.26667,28.42944,-81.30889,9,10.75049996
25.78333,-80.26667,39.87194,-75.24111,9,9.094900012
14.51667,121.0167,37.46917,126.4506,9,13.30010009
14.51667,121.0167,9.666667,123.85,9,7.975599885
44.88333,-93.21694,28.42944,-81.30889,9,9.866900206
29.99333,-90.25806,29.98444,-95.34139,9,7.09434402
48.35,11.78333,41.80444,12.25083,9,8.452800155
4.452778,114,2.745556,101.71,9,8.161099911
43.66528,7.215,49.01667,2.55,9,7.485199958
34.85833,136.8053,31.14333,121.8053,9,11.93864423
22.78333,108,40.06333,116.5844,9,8.47510004
35.76389,140.3917,21.33333,-157.9333,9,15.1273998
35.76389,140.3917,34.42722,135.2439,9,11.1099999
8.433333,99.96667,13.9125,100.6067,9,8.161099911
37.71667,-122.2167,33.43333,-112.0333,9,8.24309504
37.71667,-122.2167,47.44889,-122.3094,9,10.424963
37.71667,-122.2167,40.78833,-111.9667,9,8.23208493
20.89861,-156.4306,33.9425,-118.4072,9,11.02620006
33.25,131.6333,35.55222,139.7797,9,8.271199942
26.33333,127.8333,34.42722,135.2439,9,8.744199872
34.58333,133.9333,35.55222,139.7797,9,9.299299955
41.3,-95.9,39.86167,-104.6731,9,6.703689992
41.24805,-8.681389,38.78139,-9.135833,9,6.962099999
41.24805,-8.681389,48.71667,2.383333,9,8.077700019
41.97861,-87.90472,26.0725,-80.15278,9,8.273388028
41.97861,-87.90472,40.63333,-73.78333,9,6.655799985
41.97861,-87.90472,26.54222,-81.75528,9,8.240687966
36.9,-76.2,33.63667,-84.42805,9,8.760920227
48.71667,2.383333,36.78333,3.05,9,8.86589992
48.71667,2.383333,41.80444,12.25083,9,7.973599911
48.71667,2.383333,41.24805,-8.681389,9,8.077700019